,artist,track_name,track_id,danceability,energy,key,loudness,mode,speechiness,instrumentalness,liveness,valence,tempo,duration_ms,time_signature,Album_Name
0,The Beatles,Get Back - Rooftop Performance / Take 1,4bVT9bpThKnkFtl1xeB2bh,0.628,0.524,2,-11.84,1,0.0773,0.0995,0.195,0.272,124.176,283373,4,Get Back (Rooftop Performance)
1,The Beatles,Get Back - Rooftop Performance / Take 2,4z3RNAUb0whdaLAudM9EHE,0.655,0.695,9,-9.648,1,0.0381,0.436,0.105,0.33,125.572,204187,4,Get Back (Rooftop Performance)
2,The Beatles,Don't Let Me Down - Rooftop Performance / Take 1,6Wjbtcnv4Yw92luvE1Y8tW,0.592,0.513,6,-8.778,0,0.0322,0.00017,0.182,0.744,81.92,202467,4,Get Back (Rooftop Performance)
3,The Beatles,I've Got A Feeling - Rooftop Performance / Take 1,06rGbrn3Vhp6CeByhZboOT,0.392,0.629,2,-11.235,1,0.172,0.00699,0.0847,0.352,165.416,283720,4,Get Back (Rooftop Performance)
4,The Beatles,One After 909 - Rooftop Performance,4MBeqWnCdIMcEexCNbNqRt,0.521,0.87,4,-8.985,1,0.237,1.80E-06,0.622,0.723,90.474,189200,4,Get Back (Rooftop Performance)
5,The Beatles,Dig A Pony - Rooftop Performance,1miMoESDA7rXcNIyiiTeaF,0.49,0.373,11,-12.993,0,0.0574,4.01E-05,0.117,0.346,116.556,352040,3,Get Back (Rooftop Performance)
6,The Beatles,God Save The Queen - Rooftop Performance / Jam,1fTdIA3TNmiVzWaep1BJ7e,0.676,0.389,7,-9.622,1,0.0988,0.192,0.0482,0.898,132.388,25760,4,Get Back (Rooftop Performance)
7,The Beatles,I've Got A Feeling - Rooftop Performance / Take 2,51SAMQm9TKtfQnfLR0ORy4,0.521,0.532,9,-11.183,1,0.0964,0.00866,0.234,0.313,81.332,335133,4,Get Back (Rooftop Performance)
8,The Beatles,Don't Let Me Down - Rooftop Performance / Take 2,1DXRq9lDPvNqujisRKR6VA,0.548,0.489,6,-10.463,0,0.0468,0.000826,0.328,0.605,81.846,209587,4,Get Back (Rooftop Performance)
9,The Beatles,Get Back - Rooftop Performance / Take 3,1W0V3qwghnFsm6DqzwtQ3w,0.617,0.633,2,-11.507,1,0.0819,0.194,0.116,0.315,126.059,226587,4,Get Back (Rooftop Performance)
10,The Beatles,Two Of Us - 2021 Mix,2CEujT1Tuv3jIIjUyUvupg,0.692,0.756,7,-9.677,1,0.0402,8.80E-05,0.219,0.826,109.111,216480,4,Let It Be (Super Deluxe)
11,The Beatles,Dig A Pony - 2021 Mix,5pbQlOzqzTacF4wbzmWEeA,0.461,0.5,11,-8.023,0,0.0478,9.94E-06,0.209,0.393,118.377,234760,3,Let It Be (Super Deluxe)
12,The Beatles,Across The Universe - 2021 Mix,47q5q2VZ0y264CNDdUAjZY,0.414,0.467,1,-9.189,1,0.027,2.28E-05,0.0779,0.752,76.148,228093,4,Let It Be (Super Deluxe)
13,The Beatles,I Me Mine - 2021 Mix,5sFSXKwsf1KvKpZngwVtlI,0.423,0.587,4,-8.14,0,0.0415,0,0.118,0.575,128.47,145053,4,Let It Be (Super Deluxe)
14,The Beatles,Dig It - 2021 Mix,211vMasdcN1n4Xy4ci76Eq,0.519,0.564,5,-9.868,1,0.0742,0.00486,0.273,0.795,155.067,50653,3,Let It Be (Super Deluxe)
15,The Beatles,Let It Be - 2021 Mix,4r797jYkY09ilTg5SMCTnu,0.407,0.413,0,-8.129,1,0.0302,4.49E-06,0.107,0.556,144.338,243173,4,Let It Be (Super Deluxe)
16,The Beatles,Maggie Mae - 2021 Mix,6A0igdiVHc0Tftp9jDb5UU,0.525,0.627,7,-8.052,1,0.237,0,0.124,0.76,169.081,40213,4,Let It Be (Super Deluxe)
17,The Beatles,I've Got A Feeling - 2021 Mix,4zCMgTJ4h916qOHgu1JyAL,0.413,0.722,2,-7.463,1,0.0468,6.04E-06,0.151,0.382,165.614,217547,4,Let It Be (Super Deluxe)
18,The Beatles,One After 909 - 2021 Mix,6z5yUc4pks98Lo6YaMraq0,0.545,0.956,4,-5.549,1,0.116,0,0.63,0.776,90.782,174013,4,Let It Be (Super Deluxe)
19,The Beatles,The Long And Winding Road - 2021 Mix,4r1AmkTzmi35mAFc3nsG3r,0.314,0.379,3,-10.028,1,0.0271,0.00202,0.0852,0.319,66.436,217600,4,Let It Be (Super Deluxe)
20,The Beatles,For You Blue - 2021 Mix,0CnmMTr6dpvnPUANh3rUOw,0.854,0.605,2,-10.995,1,0.084,0.0789,0.274,0.929,128.317,152533,4,Let It Be (Super Deluxe)
21,The Beatles,Get Back - 2021 Mix,47qD4mGcc6cS4PbkvoIcy9,0.734,0.656,2,-10.443,1,0.0789,0.0029,0.665,0.366,123.091,188267,4,Let It Be (Super Deluxe)
22,The Beatles,Morning Camera / Two Of Us - Take 4,05wq8YTQE3UDL8yd9R79c7,0.718,0.671,7,-10.5,1,0.047,0.000611,0.352,0.762,107.858,222280,4,Let It Be (Super Deluxe)
23,The Beatles,Maggie Mae / Fancy My Chances With You - Mono,2rnSCXAsw7pU1dmHkm1XpD,0.622,0.544,7,-7.59,1,0.071,0,0.101,,107.59,58400,4,Let It Be (Super Deluxe)
24,The Beatles,Can You Dig It?,51g1inQV6DC4WZWlGXeFHs,0.635,0.864,7,-7.495,1,0.0833,6.43E-06,0.362,0.717,141.355,122360,4,Let It Be (Super Deluxe)
25,The Beatles,I Don't Know Why I'm Moaning - Speech / Mono,482dVVEHxiwirUwW4VjS3s,0.582,0.457,2,-14.507,1,0.322,0,0.0771,0.488,113.374,82013,4,Let It Be (Super Deluxe)
26,The Beatles,For You Blue - Take 4,0CVEWNpT3fHxcMPRG3cM2f,0.709,0.809,2,-9.73,1,0.099,0.0222,0.216,0.784,127.789,172947,4,Let It Be (Super Deluxe)
27,The Beatles,Let It Be / Please Please Me / Let It Be - Take 10,15tcqNCx9skvXmmlscpAjF,0.494,0.424,0,-10.874,1,0.0646,4.76E-05,0.132,0.481,142.038,272680,4,Let It Be (Super Deluxe)
28,The Beatles,I’ve Got A Feeling - Take 10,6ru78BV9iww37EeTAVd364,0.399,0.622,2,-7.628,1,0.0358,0.00263,0.119,0.306,81.095,217680,4,Let It Be (Super Deluxe)
29,The Beatles,Dig A Pony - Take 14,77LP0NB3rR3g43giL2mGAG,0.53,0.399,11,-8.978,0,0.0702,7.58E-06,0.232,0.376,118.441,241440,3,Let It Be (Super Deluxe)
30,The Beatles,Get Back - Take 19,2gYbUpAJ4VW8N0YNZJrn6X,0.74,0.619,2,-10.737,1,0.0672,0.0385,0.0634,0.633,121.379,237360,4,Let It Be (Super Deluxe)
31,The Beatles,Like Making An Album? - Speech,5i5ccBcPuzKF5T6LLhM22K,0.62,0.18,7,-18.793,1,0.562,0,0.134,0.641,71.469,42560,3,Let It Be (Super Deluxe)
32,The Beatles,One After 909 - Take 3,4SxEh486t821JJniUtyNGf,0.293,0.891,4,-7.324,1,0.19,0,0.268,0.706,163.566,207173,4,Let It Be (Super Deluxe)
33,The Beatles,Don’t Let Me Down - First Rooftop Performance,40XeGNGFchGYw7y0ue1GiG,0.455,0.502,4,-7.539,1,0.0493,0.000156,0.094,0.674,163.347,209453,4,Let It Be (Super Deluxe)
34,The Beatles,The Long And Winding Road - Take 19,2f5DRobJSq0DbuCNqp23KR,0.516,0.319,3,-10.031,1,0.0306,0.000101,0.108,0.237,135.137,227387,4,Let It Be (Super Deluxe)
35,The Beatles,Wake Up Little Susie / I Me Mine - Take 11,150DSBEyt3HJiR6V2xTvAM,0.409,0.508,9,-11.582,0,0.167,0.314,0.216,0.376,187.098,135760,3,Let It Be (Super Deluxe)
36,The Beatles,On The Day Shift Now / All Things Must Pass - Rehearsals / Mono,2hfVWkggMBS48zQrebog1D,0.492,0.453,9,-11.041,1,0.0591,0,0.241,0.428,124.606,262227,4,Let It Be (Super Deluxe)
37,The Beatles,Concentrate On The Sound - Mono,7vMjHE2VEVA3I2SXbbz8p9,0.543,0.451,2,-15.496,1,0.4,0.000209,0.196,0.467,115.822,67240,3,Let It Be (Super Deluxe)
38,The Beatles,Gimme Some Truth - Rehearsal / Mono,1ytH2jlhj5KkLULdGggGPY,0.616,0.319,7,-11.198,1,0.139,2.47E-05,0.357,0.35,79.194,79707,1,Let It Be (Super Deluxe)
39,The Beatles,I Me Mine - Rehearsal / Mono,1atRgFbyNC7aVHlMDu0fPy,0.34,0.536,4,-9.8,0,0.0463,0,0.37,0.673,175.233,95693,3,Let It Be (Super Deluxe)
40,The Beatles,She Came In Through The Bathroom Window - Rehearsal,2wLmvgTI2zbHlZinG7j14E,0.531,0.29,2,-12.716,1,0.0531,9.47E-06,0.26,0.336,71.105,170400,4,Let It Be (Super Deluxe)
41,The Beatles,Polythene Pam - Rehearsal / Mono,6H9xtF0fWu8lELvIkwb2K9,0.568,0.57,4,-10.617,0,0.341,8.91E-06,0.147,0.783,157.595,79507,1,Let It Be (Super Deluxe)
42,The Beatles,Octopus’s Garden - Rehearsal / Mono,4sno4v6UlHlOLGJMEshJ47,0.406,0.345,0,-13.399,1,0.318,0,0.723,0.411,181.077,110027,4,Let It Be (Super Deluxe)
43,The Beatles,Oh! Darling - Jam,0NJfYqajFs7dq2MH6IxIRg,0.603,0.471,9,-8.248,1,0.0297,6.56E-06,0.288,0.31,84.359,319400,3,Let It Be (Super Deluxe)
44,The Beatles,Get Back - Take 8,4Nv5jaoI3rsX5JauuCfZ2f,0.737,0.672,2,-9.577,1,0.0517,0.0131,0.074,0.367,119.619,232787,4,Let It Be (Super Deluxe)
45,The Beatles,The Walk - Jam,7xLG1tQwaRzUvmMpESf1Na,0.75,0.67,9,-8.019,1,0.0787,7.29E-05,0.0996,0.662,112.519,55747,4,Let It Be (Super Deluxe)
46,The Beatles,Without A Song - Jam,5xU8wUPeuh0R1RJApiKvtS,0.574,0.396,10,-9.874,1,0.0354,0.000129,0.0653,0.428,126.794,120640,3,Let It Be (Super Deluxe)
47,The Beatles,Something - Rehearsal / Mono,6nDoZG1m51heNdcJSB80K8,0.529,0.346,9,-13.309,1,0.218,6.19E-06,0.187,0.288,75.368,84107,4,Let It Be (Super Deluxe)
48,The Beatles,Let It Be - Take 28,1oMNqEhtUwY2agjEAUqiOD,0.419,0.448,0,-8.675,1,0.0647,0.000988,0.209,0.339,140.934,282333,4,Let It Be (Super Deluxe)
49,The Beatles,One After 909 - 1969 Glyn Johns Mix,6h6aV3yukQ8Hxf2SYwiGmz,0.494,0.872,4,-8.006,1,0.125,0,0.292,0.889,90.974,186800,4,Let It Be (Super Deluxe)
50,The Beatles,Medley: I’m Ready (aka Rocker) / Save The Last Dance For Me / Don’t Let Me Down - 1969 Glyn Johns Mix,2z7eSKzKMuoCJGbDnbyGwf,0.53,0.44,6,-13.959,0,0.152,0.0014,0.164,0.818,114.447,116373,4,Let It Be (Super Deluxe)
51,The Beatles,Don't Let Me Down - 1969 Glyn Johns Mix,6aAbfFS3cXpeFba5kPUlpS,0.469,0.342,4,-10.952,1,0.0752,4.11E-05,0.264,0.515,154.318,245467,4,Let It Be (Super Deluxe)
52,The Beatles,Dig A Pony - 1969 Glyn Johns Mix,7iuwZBvlZuNZClT1Xp9OAw,0.481,0.314,2,-10.906,1,0.0427,0,0.579,0.416,119.222,253107,3,Let It Be (Super Deluxe)
53,The Beatles,I've Got A Feeling - 1969 Glyn Johns Mix,3MpA4Z63hvX5GISch2PvuI,0.502,0.543,2,-11.7,1,0.0348,1.11E-05,0.15,0.635,167.372,173493,4,Let It Be (Super Deluxe)
54,The Beatles,Get Back - 1969 Glyn Johns Mix,3c35iVwFd9Ddc8kLI82qEU,0.711,0.528,2,-12.262,1,0.0382,0.0495,0.0986,0.296,122.637,193640,4,Let It Be (Super Deluxe)
55,The Beatles,For You Blue - 1969 Glyn Johns Mix,7nsz7tDgAhg2uMQjnljKlS,0.734,0.516,2,-13.881,1,0.0991,0.0425,0.416,0.823,128.235,174320,4,Let It Be (Super Deluxe)
56,The Beatles,Teddy Boy - 1969 Glyn Johns Mix,7jxVKcdAxwFmUQe7intnIa,0.629,0.424,2,-12.57,1,0.0457,0,0.253,0.667,146.242,221640,4,Let It Be (Super Deluxe)
57,The Beatles,Two Of Us - 1969 Glyn Johns Mix,52vxHmMHbZPhCr1xChTfrW,0.704,0.514,7,-14.626,1,0.0368,3.31E-06,0.248,0.753,105.038,209693,4,Let It Be (Super Deluxe)
58,The Beatles,Maggie Mae - 1969 Glyn Johns Mix,0pJzdahCMNQkCi87ffLZxG,0.453,0.452,0,-12.153,1,0.14,0,0.105,0.585,168.087,38467,4,Let It Be (Super Deluxe)
59,The Beatles,Dig It - 1969 Glyn Johns Mix,4yGPoIGOarfL1hI4ruU24U,0.391,0.517,5,-13.318,1,0.0735,2.69E-06,0.424,0.842,155.196,249680,3,Let It Be (Super Deluxe)
60,The Beatles,Come Together - 2019 Mix,6lSxM9BKcEZBSDKl2VODsF,0.536,0.36,9,-10.973,0,0.0408,0.167,0.0996,0.147,164.891,260200,4,Abbey Road (Super Deluxe Edition)
61,The Beatles,Something - 2019 Mix,3S6N0Wbem9KV3DBcYNfXuv,0.416,0.385,0,-9.388,1,0.0279,5.24E-06,0.228,0.458,133.298,182227,4,Abbey Road (Super Deluxe Edition)
62,The Beatles,Maxwell's Silver Hammer - 2019 Mix,0fnY9xlLJCgtBUBX9rNzDJ,0.816,0.386,2,-9.443,1,0.0382,9.31E-05,0.309,0.708,131.099,207973,4,Abbey Road (Super Deluxe Edition)
63,The Beatles,Oh! Darling - 2019 Mix,3UHv8SSIkNUDRBUHJx3Cg6,0.437,0.669,4,-6.524,1,0.0395,0.00395,0.347,0.514,173.67,207147,3,Abbey Road (Super Deluxe Edition)
64,The Beatles,Octopus's Garden - 2019 Mix,3e1w0Wm0sH8nUYPArDkBG3,0.565,0.645,1,-6.194,0,0.0332,0.000625,0.124,0.626,92.253,170800,4,Abbey Road (Super Deluxe Edition)
65,The Beatles,I Want You (She's So Heavy) - 2019 Mix,5h0yfg2KLqjVOKpCUTkBKo,0.326,0.5,9,-8.388,0,0.0315,0.0473,0.0941,0.365,142.872,467360,3,Abbey Road (Super Deluxe Edition)
66,The Beatles,Here Comes The Sun - 2019 Mix,3CPFHaVEHkkH26hAEPgMMp,0.569,0.557,9,-10.208,1,0.0428,0.000228,0.136,0.292,129.101,185707,4,Abbey Road (Super Deluxe Edition)
67,The Beatles,Because - 2019 Mix,4Smnlr2WoaZa4CUs0isAPU,0.178,0.283,2,-11.436,1,0.0298,8.04E-05,0.127,,161.293,165613,4,Abbey Road (Super Deluxe Edition)
68,The Beatles,You Never Give Me Your Money - 2019 Mix,4kXXWWWIu0avePZXX7cBiW,0.33,0.442,0,-12.216,1,0.035,0.0762,0.149,0.326,173.751,242667,3,Abbey Road (Super Deluxe Edition)
69,The Beatles,Sun King - 2019 Mix,0fdK9ykZqy0e3vn7LbluM1,0.406,0.274,2,-15.138,Major,0.0301,0.138,0.258,0.199,149.875,146333,4,Abbey Road (Super Deluxe Edition)
70,The Beatles,Mean Mr Mustard - 2019 Mix,25jKgfxWqISbOF5qjowYDa,0.69,0.674,4,-7.983,1,0.0391,6.59E-06,0.47,0.915,100.497,66467,4,Abbey Road (Super Deluxe Edition)
71,The Beatles,Polythene Pam - 2019 Mix,7BavH3tDEsEDKnntiVTaAu,0.47,0.833,11,-8.017,0,0.0569,0.706,0.133,0.491,166.72,72800,4,Abbey Road (Super Deluxe Edition)
72,The Beatles,She Came In Through The Bathroom Window - 2019 Mix,52omU1KgD4yyRkXx2gDgZj,0.527,0.752,2,-7.806,1,0.0298,4.49E-05,0.329,0.738,80.647,118813,4,Abbey Road (Super Deluxe Edition)
73,The Beatles,Golden Slumbers - 2019 Mix,4FWAzXcVNVIRVA4UQxhvbd,0.395,0.181,0,-11.098,1,0.0284,0.000184,0.16,0.221,80.663,91440,4,Abbey Road (Super Deluxe Edition)
74,The Beatles,Carry That Weight - 2019 Mix,7mBqyUKe8SUUoFBjTiY8Um,0.494,0.558,0,-7.604,1,0.0283,0.000786,0.243,0.625,84.005,96440,4,Abbey Road (Super Deluxe Edition)
75,The Beatles,The End - 2019 Mix,481payDhvwK4SluEdw2o5v,0.624,0.532,2,-9.15,1,0.0606,0.142,0.151,0.125,123.358,141907,1,Abbey Road (Super Deluxe Edition)
76,The Beatles,Her Majesty - 2019 Mix,6jkFjYzaeMG48F8UBSP0eX,0.742,0.182,0,-20.25,1,0.0986,2.90E-06,0.344,0.565,100.526,25120,3,Abbey Road (Super Deluxe Edition)
77,The Beatles,I Want You (She's So Heavy) - Trident Recording Session & Reduction Mix,3Tyb06JlXwzTiuiBI7PACU,0.36,0.383,5,-10.2,1,0.0384,0.00115,0.273,0.373,143.811,419600,3,Abbey Road (Super Deluxe Edition)
78,The Beatles,Goodbye - Home Demo,2cQGln8y7OgSOLxSHkgehd,0.556,0.174,11,-15.047,1,0.0462,0.000681,0.114,0.563,126.695,143707,3,Abbey Road (Super Deluxe Edition)
79,The Beatles,Something - Studio Demo,4w4kzrDRJo9PEJGzh2uK49,0.408,0.187,9,-15.354,1,0.035,0.000575,0.0766,0.243,139.822,217227,4,Abbey Road (Super Deluxe Edition)
80,The Beatles,The Ballad Of John And Yoko - Take 7,7Cuklz7fuYfBvSlo7PcRaL,0.695,0.732,9,-12.57,1,0.0545,0,0.164,0.672,132.918,217653,4,Abbey Road (Super Deluxe Edition)
81,The Beatles,Old Brown Shoe - Take 2,6sgXMz3lsYChhFLr2Zzuio,0.639,0.731,0,-11.706,1,0.0504,0,0.0371,0.372,142.441,195827,4,Abbey Road (Super Deluxe Edition)
82,The Beatles,Oh! Darling - Take 4,5mIcEMUJvJgXF3GohggEWl,0.596,0.51,6,-10.309,0,0.0285,2.95E-05,0.326,0.545,86.298,210720,3,Abbey Road (Super Deluxe Edition)
83,The Beatles,Octopus's Garden - Take 9,2b80n2fAvK0tGMmmIYutjs,0.699,0.412,1,-13.846,Minor,0.098,1.44E-05,0.178,0.837,91.26,103000,4,Abbey Road (Super Deluxe Edition)
84,The Beatles,You Never Give Me Your Money - Take 36,6wvoGE5Y4BeJ0SeUdr8mfd,0.375,0.455,0,-12.732,1,0.0635,0.00568,0.131,0.377,170.359,317880,3,Abbey Road (Super Deluxe Edition)
85,The Beatles,Her Majesty - Takes 1-3,52hm7o5MPKymBUmSJadwve,0.691,0.134,2,-21.742,1,0.355,0.00153,0.144,0.509,100.276,93947,4,Abbey Road (Super Deluxe Edition)
86,The Beatles,Golden Slumbers / Carry That Weight - Takes 1-3 / Medley,5XtyUUmLmB7jniTWWo6NWI,0.561,0.202,0,-14.609,Major,0.0331,0.00102,0.147,0.235,81.134,200507,4,Abbey Road (Super Deluxe Edition)
87,The Beatles,Here Comes The Sun - Take 9,5M330VM7N8gPrYfia5nf25,0.581,0.555,9,-11.948,1,0.0305,0.00492,0.0917,0.562,126.629,220973,4,Abbey Road (Super Deluxe Edition)
88,The Beatles,Maxwell's Silver Hammer - Take 12,4MZyEFyYr3feWTONqH5Lsl,0.787,0.319,2,-13.836,1,0.146,0.000506,0.251,0.701,129.09,284440,4,Abbey Road (Super Deluxe Edition)
89,The Beatles,Come Together - Take 5,5c6gzvWGw9EZ7qMxfH9HVy,0.598,0.314,9,-15.136,0,0.171,0.000621,0.149,0.277,166.035,210147,4,Abbey Road (Super Deluxe Edition)
90,The Beatles,The End - Take 3,4WAPgDAPLTmf7e8TnIOUCw,0.671,0.42,11,-15.477,0,0.21,0.706,0.507,0.539,122.778,131080,4,Abbey Road (Super Deluxe Edition)
91,The Beatles,Come And Get It - Studio Demo,75qAS9R2kZJbQxApjlfkWA,0.572,0.405,4,-12.66,1,0.0344,0,0.178,0.494,87.938,162760,4,Abbey Road (Super Deluxe Edition)
92,The Beatles,Sun King - Take 20,4cvkXxJ42tghGVKsY01CZQ,0.559,0.23,2,-19.72,Major,0.0621,0.0305,0.182,0.286,77.076,194027,4,Abbey Road (Super Deluxe Edition)
93,The Beatles,Mean Mr. Mustard - Take 20,1q9qcBsrIOtFTmQ18GY6Wy,0.59,0.553,6,-12.316,0,0.0421,0.0152,0.538,0.628,92.501,94293,4,Abbey Road (Super Deluxe Edition)
94,The Beatles,Polythene Pam - Take 27,1x4O1rJd1Yz1z6ozW5nK97,0.479,0.708,0,-12.094,1,0.0871,0.0252,0.371,0.518,165.489,99160,4,Abbey Road (Super Deluxe Edition)
95,The Beatles,She Came In Through The Bathroom Window - Take 27,00nQV5fxvY0Gg9wKbuD3Uk,0.594,0.681,2,-10.971,1,0.0286,0.00128,0.1,0.858,79.384,126080,4,Abbey Road (Super Deluxe Edition)
96,The Beatles,Because - Take 1 / Instrumental,1p5uLmWgLUh7vWjPwOwLac,0.328,0.381,9,-17.94,1,0.0745,0.191,0.0799,0.2,165.109,187520,4,Abbey Road (Super Deluxe Edition)
97,The Beatles,"The Long One - Comprising of ‘You Never Give Me Your Money’, ’Sun King’/’Mean Mr Mustard’, ‘Her Majesty’, ‘Polythene Pam’/’She Came In Through The Bathroom Window’, ’Golden Slumbers’/ ’Carry That Weight’, ’The End’",7e5QyScdgY4UFu3eYgy71w,0.403,0.425,0,-11.09,1,0.0405,0.00839,0.0788,0.243,84.037,970467,4,Abbey Road (Super Deluxe Edition)
98,The Beatles,Something - Take 39 / Instrumental / Strings Only,7kGfipuAU4F7t5cJUsjAmX,0.0959,0.229,7,-14.741,1,0.0388,0.942,0.0715,0.0677,74.502,161720,1,Abbey Road (Super Deluxe Edition)
99,The Beatles,Golden Slumbers / Carry That Weight - Take 17 / Instrumental / Strings & Brass Only,2XNU2CkuFyVzRKyZu35zxV,0.178,0.218,0,-9.474,1,0.0336,0.768,0.101,0.15,83.482,197267,4,Abbey Road (Super Deluxe Edition)
100,The Beatles,Back In The U.S.S.R. - 2018 Mix,183Klch3PBWLz2S6zNUVxR,0.51,0.893,9,-9.267,1,0.0342,5.85E-05,0.201,0.934,142.657,163467,4,The Beatles
101,The Beatles,Dear Prudence - 2018 Mix,21pC0RPgkThjHlwpmCtxGb,0.395,0.538,2,-10.3,1,0.0456,0.000453,0.0685,0.369,150.785,234973,4,The Beatles
102,The Beatles,Glass Onion - 2018 Mix,0bYmYFbEAADKAlHdJqZ1gL,0.529,0.555,7,-8.839,0,0.0508,0.003,0.093,0.615,120.356,137707,4,The Beatles
103,The Beatles,"Ob-La-Di, Ob-La-Da - 2018 Mix",02FJNRUlB28e1F0R9uP2s1,0.803,0.776,10,-7.561,1,0.0333,0.00471,0.222,0.969,113.193,188813,4,The Beatles
104,The Beatles,Wild Honey Pie - 2018 Mix,76YBf6AwWhPG62H2LZftFQ,0.749,0.689,9,-10.883,0,0.0346,0.759,0.796,0.299,89.897,53000,4,The Beatles
105,The Beatles,The Continuing Story Of Bungalow Bill - 2018 Mix,7KXaC0HCD4VoIZOzWfdirZ,0.659,0.56,0,-9.561,1,0.0648,0,0.683,0.738,114.796,194187,4,The Beatles
106,The Beatles,While My Guitar Gently Weeps - 2018 Mix,0ZqSsO2xoVvcrhpiRuqCmt,0.421,0.668,2,-9.234,1,0.0364,0.0172,0.307,0.635,115.124,285280,4,The Beatles
107,The Beatles,Happiness Is A Warm Gun - 2018 Mix,3z2ngCk1Us5E0DtNGczXwJ,0.461,0.534,9,-9.912,0,0.0592,5.63E-06,0.107,0.459,138.935,164520,4,The Beatles
108,The Beatles,Martha My Dear - 2018 Mix,4BtpBz9IIamSuYJ26Qoi8G,0.641,0.328,10,-10.709,1,0.0313,7.77E-05,0.157,0.858,89.212,148480,4,The Beatles
109,The Beatles,I'm So Tired - 2018 Mix,52efrg776bHRucNKHRWwkE,0.44,0.485,9,-10.989,1,0.28,1.11E-05,0.508,0.717,69.925,123400,4,The Beatles
110,The Beatles,Blackbird - 2018 Mix,2oMVSmJx1l2FVXjVbx5DTc,0.649,0.123,7,-15.657,1,0.0396,3.14E-06,0.0627,0.358,93.82,138360,4,The Beatles
111,The Beatles,Piggies - 2018 Mix,1koFbbNy8BJvG63B0ExZEQ,0.527,0.471,8,-9.901,1,0.0314,0,0.0981,0.571,92.583,124307,4,The Beatles
112,The Beatles,Rocky Raccoon - 2018 Mix,2MdBcgXwYcuXN3ekvhehN0,0.543,0.429,7,-10.249,1,0.0397,0,0.25,0.638,78.943,213080,4,The Beatles
113,The Beatles,Don't Pass Me By - 2018 Mix,55scbyvCEL0prcaDKYqiRG,0.598,0.58,0,-8.082,1,0.0262,1.07E-06,0.248,0.961,84.995,230307,4,The Beatles
114,The Beatles,Why Don't We Do It In The Road? - 2018 Mix,6CD4ZmCgYyiECTOWjm5LqC,0.532,0.524,7,-8.057,1,0.0545,8.68E-06,0.0601,0.845,188.181,101733,4,The Beatles
115,The Beatles,I Will - 2018 Mix,5ZgypEwT8Mayum8GKG1KlG,0.621,0.348,5,-12.808,1,0.0251,0.000294,0.0899,0.9,103.123,105787,4,The Beatles
116,The Beatles,Julia - 2018 Mix,2fS3WRUilBxRoFMk3HVaoW,0.399,0.091,2,-15.499,1,0.0314,0.000105,0.106,0.185,134.702,176133,4,The Beatles
117,The Beatles,Birthday - 2018 Mix,1LT1LaG2hOR8VB2zzMcDjL,0.587,0.662,2,-8.056,1,0.0398,0.165,0.194,0.964,139.374,161987,4,The Beatles
118,The Beatles,Yer Blues - 2018 Mix,6s16hVzIWDpv8w4BMCaZdw,0.328,0.608,4,-9.17,1,0.0467,0.216,0.0948,0.48,104.258,241000,4,The Beatles
119,The Beatles,Mother Nature's Son - 2018 Mix,07SnYttUopjIFHnc1hZIMc,0.564,0.197,2,-16.103,1,0.0255,0.208,0.271,0.473,84.761,167827,4,The Beatles
120,The Beatles,Everybody's Got Something To Hide Except Me And My Monkey - 2018 Mix,4pBM26oKtRWYK2UbYD4OlJ,0.503,0.775,2,-6.719,1,0.0683,5.31E-05,0.0554,0.738,117.153,144653,4,The Beatles
121,The Beatles,Sexy Sadie - 2018 Mix,6jQYMZNNNFOljhzo65MBL3,0.483,0.546,7,-9.039,1,0.0299,0.00113,0.198,0.732,149.62,195427,4,The Beatles
122,The Beatles,Helter Skelter - 2018 Mix,0gPVEAjbO8oQyCEVE6oudx,0.22,0.884,4,-7.21,1,0.0913,0.141,0.828,0.248,167.748,269773,4,The Beatles
123,The Beatles,"Long, Long, Long - 2018 Mix",4eQVJHK0O5LctXPzsRj9LI,0.337,0.23,5,-11.589,1,0.0282,0.139,0.103,0.106,104.767,186427,4,The Beatles
124,The Beatles,Revolution 1 - 2018 Mix,7sfE6KbRUzH2VBOeDGUsie,0.37,0.674,9,-8.39,1,0.0411,0.000296,0.427,0.583,98.997,255653,4,The Beatles
125,The Beatles,Honey Pie - 2018 Mix,4zLY4SsBmfFo3gsk6GCjUM,0.592,0.357,7,-11.976,1,0.0622,4.96E-05,0.136,0.489,144.06,161160,4,The Beatles
126,The Beatles,Savoy Truffle - 2018 Mix,2pymXFmRFGQ5b0ZXYRdxjn,0.63,0.616,11,-7.972,0,0.0504,0.00962,0.0792,0.912,120.922,174440,3,The Beatles
127,The Beatles,Cry Baby Cry - 2018 Mix,32RwqKbqyzi7NJ11NBbOlN,0.481,0.475,0,-11.762,1,0.0264,0.0209,0.196,0.489,76.795,181867,4,The Beatles
128,The Beatles,Revolution 9 - 2018 Mix,6FQkfaghoLt72rLmhsAqFy,0.193,0.706,9,-12.392,0,0.369,0.0908,0.782,0.119,82.224,500853,4,The Beatles
129,The Beatles,Good Night - 2018 Mix,2PWnAe9C52xvJYhBFNuIqm,0.131,0.343,7,-15.122,1,0.0349,0.383,0.107,0.137,95.082,195213,3,The Beatles
130,The Beatles,Back In The U.S.S.R. - Esher Demo,2uaSMUAgYqmbsdbO9F9bPN,0.658,0.53,7,-8.48,1,0.0845,0,0.185,0.557,127.719,179907,4,The Beatles
131,The Beatles,Dear Prudence - Esher Demo,0dPsctAum4J6B9Z2xTRz2A,0.387,0.266,10,-12.38,0,0.0302,0.0129,0.143,0.271,89.173,287053,4,The Beatles
132,The Beatles,Glass Onion - Esher Demo,6a6XoJzGeBIDy9pcDSrOgQ,0.697,0.288,4,-9.951,1,0.0441,0,0.127,0.616,113.622,115600,4,The Beatles
133,The Beatles,"Ob-La-Di, Ob-La-Da - Esher Demo",4xNXqEBx1VXuph56zyUzBg,0.76,0.601,8,-7.883,1,0.0495,0,0.0859,0.549,118.73,190600,4,The Beatles
134,The Beatles,The Continuing Story Of Bungalow Bill - Esher Demo,4Fq5tBgj3RwAhffVY5p1Nl,0.594,0.357,8,-9.262,0,0.0397,0,0.163,0.494,109.317,160920,4,The Beatles
135,The Beatles,While My Guitar Gently Weeps - Esher Demo,1Ov0M27IkghTJT00xvmlSO,0.503,0.321,1,-11.827,0,0.0468,0,0.353,0.36,82.396,161440,4,The Beatles
136,The Beatles,Happiness Is A Warm Gun - Esher Demo,2TqrXEPZiEwiNgEBpX0uXV,0.587,0.18,5,-12.486,1,0.0424,2.41E-05,0.161,0.186,138.625,115027,5,The Beatles
137,The Beatles,I'm So Tired - Esher Demo,3W4s5oTDnVTO0jYGkTKksZ,0.473,0.285,11,-11.598,1,0.101,0,0.925,0.42,152.361,190760,4,The Beatles
138,The Beatles,Blackbird - Esher Demo,3VcZIqs8e3S830haKWlg35,0.585,0.272,7,-12.194,1,0.0342,0.000274,0.0758,0.388,89.156,154520,4,The Beatles
139,The Beatles,Piggies - Esher Demo,6UiTIOtvSJ6cT5tLHUXrUk,0.447,0.225,2,-11.622,1,0.0445,0,0.341,0.464,175.566,125787,4,The Beatles
140,The Beatles,Rocky Raccoon - Esher Demo,0HtuDxkKRBmlCNgFtXSJR7,0.6,0.297,6,-9.875,1,0.0349,0,0.301,,82.588,164320,4,The Beatles
141,The Beatles,Julia - Esher Demo,2PpMip6JAdA42d39fN9ziz,0.507,0.278,3,-11.235,Major,0.0306,0.0344,0.228,0.261,138.715,236467,4,The Beatles
142,The Beatles,Yer Blues - Esher Demo,4pX0NHWJXjtcgl8wzaaF4T,0.567,0.467,8,-10.586,1,0.0432,0.000416,0.511,0.643,148.643,211387,3,The Beatles
143,The Beatles,Mother Nature's Son - Esher Demo,2IyAlDb54LzF8O1V08389y,0.356,0.324,8,-9.269,1,0.0282,0.000122,0.351,0.331,174.134,144413,4,The Beatles
144,The Beatles,Everybody's Got Something To Hide Except Me And My Monkey - Esher Demo,3ah9CP3ZRW1VR51UmUN8eQ,0.678,0.587,6,-9.721,1,0.0398,0,0.31,0.704,118.018,183893,4,The Beatles
145,The Beatles,Sexy Sadie - Esher Demo,2SB7SvBpz5X5ZnmABsLUUT,0.432,0.283,5,-11.616,0,0.0528,1.95E-06,0.358,0.257,147.869,146693,4,The Beatles
146,The Beatles,Revolution - Esher Demo,1rk6mhy7dajKBKFXJ61ODy,0.723,0.383,5,-9.526,0,0.0682,1.73E-05,0.118,0.569,121.509,246640,4,The Beatles
147,The Beatles,Honey Pie - Esher Demo,1vGsN6wxEYAho6VpUY2n4W,0.633,0.47,2,-9.198,1,0.113,0,0.261,0.655,78.419,119907,4,The Beatles
148,The Beatles,Cry Baby Cry - Esher Demo,0HwhpBRNQejQ0lnUc4RPlX,0.63,0.277,8,-11.472,0,0.0529,0,0.332,0.717,154.921,147733,4,The Beatles
149,The Beatles,Sour Milk Sea - Esher Demo,3LhwP2LcoiaIxMxRnU6zez,0.662,0.392,7,-9.967,1,0.0509,8.40E-06,0.378,0.402,127.317,223533,4,The Beatles
150,The Beatles,Twist And Shout - Live / Remastered,6CV4BNCI8xjHeYDR8eEriP,0.263,0.777,2,-8.622,1,0.0382,0,0.462,0.552,126.798,93507,4,Live At The Hollywood Bowl
151,The Beatles,She's A Woman - Live / Remastered,6lynokJ0Ilm55qB4FdVeG7,0.36,0.882,9,-8.242,1,0.0462,7.75E-06,0.872,0.538,89.735,192053,4,Live At The Hollywood Bowl
152,The Beatles,Dizzy Miss Lizzy - Live / Remastered,510F0QzxgNnfAVcCrYG2cv,0.418,0.87,11,-6.877,0,0.0507,6.02E-05,0.584,0.732,129.684,219733,4,Live At The Hollywood Bowl
153,The Beatles,Ticket To Ride - Live / Remastered,2FP07Rr3ZwFmJZXsaj7hjE,0.394,0.81,2,-8.07,1,0.0464,0,0.318,0.325,121.183,146240,4,Live At The Hollywood Bowl
154,The Beatles,Can't Buy Me Love - Live / Remastered,0WYxVnp9K6RETCRZbtlGHh,0.358,0.854,5,-7.722,1,0.049,0,0.9,0.624,86.468,134867,4,Live At The Hollywood Bowl
155,The Beatles,Things We Said Today - Live / Remastered,4hlVL09xDgvkoVSIu2zQwD,0.305,0.627,5,-8.525,1,0.0463,0,0.802,0.488,72.244,138733,4,Live At The Hollywood Bowl
156,The Beatles,Roll Over Beethoven - Live / Remastered,3QiwPPktTczwleIy9jUMpS,0.199,0.823,2,-8.032,1,0.0393,0,0.631,0.73,179.693,134013,3,Live At The Hollywood Bowl
157,The Beatles,Boys - Live / Remastered,1dxwZJNoDbXn7zfKR2g1S5,0.279,0.941,9,-6.217,1,0.0712,0.000231,0.853,0.642,79.621,128747,4,Live At The Hollywood Bowl
158,The Beatles,A Hard Day's Night - Live / Remastered,0P0Jm9mZi11ETImhECDhpq,0.287,0.872,0,-7.361,1,0.0555,6.48E-06,0.917,0.594,134.105,193760,4,Live At The Hollywood Bowl
159,The Beatles,Help! - Live / Remastered,55jAHaYaZtUImilMnroSna,0.286,0.77,11,-7.242,0,0.0517,0,0.835,0.538,94.967,172600,4,Live At The Hollywood Bowl
160,The Beatles,All My Loving - Live / Remastered,7j021TxcicWprdXpCcMBeH,0.203,0.663,1,-8.037,0,0.0349,0,0.899,0.725,169.994,135253,5,Live At The Hollywood Bowl
161,The Beatles,She Loves You - Live / Remastered,0GUp9QOezipeh6BOV1kguV,0.357,0.858,4,-8.421,0,0.0866,0,0.671,0.478,78.408,191000,4,Live At The Hollywood Bowl
162,The Beatles,Long Tall Sally - Live / Remastered,3gluwLob4WQKYDPDKi09Ql,0.38,0.908,0,-5.919,1,0.0483,0,0.577,0.652,91.242,124653,4,Live At The Hollywood Bowl
163,The Beatles,You Can't Do That - Live / Bonus Track,4Dw9HFzXqmdJRM8vfc1FId,0.432,0.705,0,-8.396,1,0.0334,0,0.834,0.677,136.18,154427,4,Live At The Hollywood Bowl
164,The Beatles,I Want To Hold Your Hand - Live / Bonus Track,6ek0XTffa5eUTkwamO0q5B,0.225,0.834,7,-8.425,1,0.0596,0,0.948,0.518,141.085,149267,4,Live At The Hollywood Bowl
165,The Beatles,Everybody’s Trying To Be My Baby - Live / Bonus Track,1WoLOPeSqaijOuhi9Wm7V1,0.191,0.896,9,-5.996,1,0.0521,0,0.488,0.728,175.22,141427,4,Live At The Hollywood Bowl
166,The Beatles,Baby's In Black - Live / Bonus Track,5tc3aFZhTcW46vRIk23T6e,0.202,0.756,9,-7.895,1,0.0528,1.05E-06,0.918,0.669,185.584,164653,3,Live At The Hollywood Bowl
167,The Beatles,Get Back - Naked Version / Remastered 2013,121AmMmQnBWZh8HNjZwuK6,0.811,0.629,7,-9.012,1,0.0429,0.00145,0.0709,0.54,123.585,154849,4,Let It Be... Naked (Remastered)
168,The Beatles,Dig A Pony - Naked Version / Remastered 2013,4Iv7cWRprWUT0ctTsg5s54,0.503,0.502,11,-8.148,0,0.0414,0,0.178,0.499,117.916,218129,3,Let It Be... Naked (Remastered)
169,The Beatles,For You Blue - Naked Version / Remastered 2013,23DgBX8Q1n4GW2jN3qSSxn,0.854,0.625,2,-10.091,1,0.0946,0.00906,0.13,0.86,128.9,147809,4,Let It Be... Naked (Remastered)
170,The Beatles,The Long And Winding Road - Naked Version / Remastered 2013,6p6E3pMc9moSp5kV3BLN0y,0.569,0.266,3,-10.684,1,0.0303,0.000523,0.142,0.279,135.754,214382,4,Let It Be... Naked (Remastered)
171,The Beatles,Two Of Us - Naked Version / Remastered 2013,6uJwK7c62pfQrG9tTkHivn,0.699,0.74,7,-9.959,1,0.042,9.98E-06,0.147,0.913,109.904,200836,4,Let It Be... Naked (Remastered)
172,The Beatles,I've Got A Feeling - Naked Version / Remastered 2013,5OlB1bAkRhheDudIhWImFy,0.427,0.73,2,-7.786,1,0.0756,0,0.135,0.399,164.605,210902,4,Let It Be... Naked (Remastered)
173,The Beatles,One After 909 - Naked Version / Remastered 2013,2lq81FsCIMHXxONi1cTx71,0.408,0.894,1,-6.746,0,0.123,0,0.319,0.866,182.399,164102,4,Let It Be... Naked (Remastered)
174,The Beatles,Don't Let Me Down - Naked Version / Remastered 2013,5BhMoGrz5KzG2fA5uzHjZ1,0.486,0.489,4,-8.626,1,0.0365,8.63E-06,0.135,0.783,163.63,198862,4,Let It Be... Naked (Remastered)
175,The Beatles,I Me Mine - Naked Version / Remastered 2013,2ISOWWoNh0lVz2XH6lXmrt,0.463,0.604,4,-8.626,0,0.0412,0,0.272,0.758,128.451,141462,4,Let It Be... Naked (Remastered)
176,The Beatles,Across The Universe - Naked Version / Remastered 2013,4tnVkev96FKWFk1wLBYcJA,0.359,0.461,2,-10.683,1,0.0283,0,0.224,0.794,159.441,218222,4,Let It Be... Naked (Remastered)
177,The Beatles,Let It Be - Naked Version / Remastered 2013,5LMw7NqkEM9x2DPyAbVZGd,0.47,0.404,0,-9.281,1,0.036,1.68E-05,0.152,0.468,136.888,235382,4,Let It Be... Naked (Remastered)
178,The Beatles,Yellow Submarine,1tdltVUBkiBCW1C3yB4zyD,0.616,0.636,1,-7.055,1,0.0325,0,0.517,0.654,110.618,159160,4,Yellow Submarine Songtrack
179,The Beatles,Hey Bulldog,4epbwW20tHuF9Q6FufAn7Y,0.568,0.824,4,-4.413,0,0.0333,0.0126,0.197,0.826,102.424,191840,4,Yellow Submarine Songtrack
180,The Beatles,Eleanor Rigby,6EOKwO6WaLal58MSsi6U4W,0.521,0.301,4,-7.118,0,0.0356,0,0.398,0.621,137.382,125227,4,Yellow Submarine Songtrack
181,The Beatles,Love You To,69c15XPo8sYUqmnngPtFWj,0.399,0.649,5,-8.879,1,0.0508,4.53E-05,0.113,0.657,124.655,178707,4,Yellow Submarine Songtrack
182,The Beatles,All Together Now,4KELrBm2uoyn9tq6fZ5P98,0.606,0.413,11,-7.902,0,0.0622,0,0.352,0.889,96.245,130627,4,Yellow Submarine Songtrack
183,The Beatles,Lucy In The Sky With Diamonds,5wLkhxwU7B9DNglfZAIrQ8,0.421,0.388,2,-7.754,1,0.0302,0,0.297,0.651,138.311,208400,3,Yellow Submarine Songtrack
184,The Beatles,Think For Yourself,0JRBoJ0LwENEiSqaaqbEeG,0.528,0.591,0,-7.411,1,0.0282,0,0.0726,0.796,130.438,138640,4,Yellow Submarine Songtrack
185,The Beatles,Sgt Pepper's Lonely Hearts Club Band,2GfE6RKmU6xX6zvYmwTlpO,0.33,0.85,7,-5.788,1,0.374,1.51E-05,0.834,0.602,189.782,121360,4,Yellow Submarine Songtrack
186,The Beatles,With A Little Help From My Friends,3M5PklZ0bZrjQBtPYyiz7F,0.707,0.558,4,-6.697,1,0.0349,0,0.159,0.758,112.277,165667,4,Yellow Submarine Songtrack
187,The Beatles,Baby You're A Rich Man,2JigRzQ3AWCd4BSJoAI0vR,0.663,0.606,7,-5.758,1,0.0307,0,0.119,0.412,96.886,180600,4,Yellow Submarine Songtrack
188,The Beatles,Only A Northern Song,2upaZFZApLrvmkBzBFFS9m,0.364,0.723,6,-7.378,0,0.0506,0.000192,0.0859,0.78,106.807,204507,4,Yellow Submarine Songtrack
189,The Beatles,All You Need Is Love,5zqJlEJcn0EfnvAScH8swK,0.364,0.483,7,-8.22,1,0.0317,1.53E-06,0.113,0.7,102.967,226667,4,Yellow Submarine Songtrack
190,The Beatles,When I'm Sixty Four,1zdBFL2UtwbCEubEdcdSmU,0.717,0.224,1,-10.832,1,0.056,0,0.13,0.594,140.164,159093,4,Yellow Submarine Songtrack
191,The Beatles,Nowhere Man,7qnX6mlylOFWHf75EkfGw7,0.534,0.646,4,-8.998,1,0.0366,1.42E-05,0.142,0.852,122.174,162400,4,Yellow Submarine Songtrack
192,The Beatles,It's All Too Much,1ntoOW2GNFCnSO7mmabrTU,0.48,0.81,7,-6.167,1,0.0382,0.0327,0.262,0.208,113.521,385600,4,Yellow Submarine Songtrack
193,Rodney Burke,"And Here We Are Again - Live At The BBC For ""Pop Go The Beatles"" / 23rd July, 1963",1GOrFU6g2HwRn5oo9oBmfV,0.772,0.306,8,-16.52,1,0.932,0,0.281,0.965,47.246,15428,3,On Air - Live At The BBC (Vol.2)
194,The Beatles,"Words Of Love - Live At The BBC For ""Pop Go The Beatles"" / 20th August, 1963",32O18bd2TXidvDc24fWb8d,0.634,0.607,9,-10.635,1,0.0277,0.000451,0.176,0.925,126.776,115747,4,On Air - Live At The BBC (Vol.2)
195,Rodney Burke,"How About It, Gorgeous? - Live At The BBC For ""Pop Go The Beatles"" / 30th July, 1963",33zZLefXgcbX3f0CFQ49b0,0.649,0.176,7,-20.148,1,0.942,0,0.35,0.923,86.051,37267,1,On Air - Live At The BBC (Vol.2)
196,The Beatles,"Do You Want To Know A Secret - Live At The BBC For ""Pop Go The Beatles"" / 30th July, 1963",395dNtREg9CV943xnYim8c,0.551,0.352,1,-11.919,0,0.0314,0,0.471,0.717,135.669,107520,4,On Air - Live At The BBC (Vol.2)
197,The Beatles,"Lucille - Live At The BBC For ""Pop Go The Beatles"" / 17th September, 1963",1KhdqGq6CNKBqPddqjFCQo,0.588,0.843,7,-9.296,0,0.044,0.00275,0.476,0.91,137.253,148800,4,On Air - Live At The BBC (Vol.2)
198,Lee Peters,"Hey Paul…. - Live At The BBC For ""Pop Go The Beatles"" / 25th June, 1963",1ijQL9FezAggswh77wxvNK,0.769,0.16,11,-18.609,1,0.935,0,0.153,0.969,125.657,21067,4,On Air - Live At The BBC (Vol.2)
199,The Beatles,"Anna (Go To Him) - Live At The BBC For ""Pop Go The Beatles"" / 27th August, 1963",07C5ez7XXvd9sE5YM3X83F,0.71,0.474,2,-11.609,1,0.0331,0.0163,0.256,0.813,111.623,169560,4,On Air - Live At The BBC (Vol.2)
200,Lee Peters,"Hello! - Live At The BBC For ""Pop Go The Beatles"" / 25th June, 1963",5vMWnicTtNy4gaJCsDZq7E,0.736,0.26,6,-19.874,1,0.943,0,0.265,0.973,130.195,18880,5,On Air - Live At The BBC (Vol.2)
201,The Beatles,"Please Please Me - Live At The BBC For ""Pop Go The Beatles"" / 13th August, 1963",6r4AQXhOKOZzerkc96Qv2q,0.524,0.614,4,-10.379,1,0.0376,0,0.213,0.824,140.608,115440,4,On Air - Live At The BBC (Vol.2)
202,The Beatles,"Misery - Live At The BBC For ""Here We Go"" / 12th March, 1963",5VxD1v6bjVC8hOW5pRzDIb,0.68,0.535,0,-11.952,1,0.0346,0,0.833,0.858,136.854,109573,4,On Air - Live At The BBC (Vol.2)
203,The Beatles,"I'm Talking About You - Live At The BBC For ""Saturday Club"" / 16th March, 1963",6MVohEoExQiPfsoTeWh5NA,0.579,0.772,4,-9.387,1,0.0419,0.742,0.548,0.948,143.73,112133,4,On Air - Live At The BBC (Vol.2)
204,Lee Peters,"A Real Treat - Live At The BBC For ""Pop Go The Beatles"" / 25th June, 1963",3PbfhMu7zctIe6ayA8uZAN,0.742,0.254,7,-17.763,1,0.942,0,0.171,0.798,86.107,36720,4,On Air - Live At The BBC (Vol.2)
205,The Beatles,"Boys - Live At The BBC For ""Pop Go The Beatles"" / 25th June, 1963",3b4XdfAEmkrt90CRn6kJpO,0.502,0.609,9,-10.167,1,0.0364,0,0.496,0.792,144.439,148773,4,On Air - Live At The BBC (Vol.2)
206,Lee Peters,"Absolutely Fab - Live At The BBC For ""Pop Go The Beatles"" / 25th June, 1963",2W0zZys4Arb0PWeuBftUrp,0.786,0.289,3,-17.944,0,0.939,0,0.202,0.949,62.393,27387,5,On Air - Live At The BBC (Vol.2)
207,The Beatles,"Chains - Live At The BBC For ""Pop Go The Beatles"" / 25th June, 1963",1aCsBUZi7c4ISu0fE4onjl,0.517,0.576,10,-12.327,1,0.0434,0,0.081,0.924,136.471,135103,4,On Air - Live At The BBC (Vol.2)
208,The Beatles,"Ask Me Why - Live At The BBC For ""Pop Go The Beatles"" / 24th September, 1963",0SjiwS4OB57pE1iFpL2kc2,0.694,0.266,4,-11.334,1,0.0342,9.12E-05,0.0831,0.874,138.523,114231,4,On Air - Live At The BBC (Vol.2)
209,The Beatles,"Till There Was You - Live At The BBC For ""Pop Go The Beatles"" / 30th July, 1963",4JZK2mTiWNFsEGJ14Z0ptX,0.703,0.369,5,-11.754,1,0.0347,0.000102,0.0844,0.754,118.11,136173,4,On Air - Live At The BBC (Vol.2)
210,The Beatles,"Lend Me Your Comb - Live At The BBC For ""Pop Go The Beatles"" / 16th July, 1963",1AwFOm1ihDP7NQxBblwQQS,0.592,0.521,4,-10.106,1,0.0409,0.000441,0.0875,0.961,79.103,106853,4,On Air - Live At The BBC (Vol.2)
211,Rodney Burke,"Lower 5E - Live At The BBC For ""Pop Go The Beatles"" / 10th September, 1963",7rJyaMfst2659UXAZCGP9E,0.794,0.149,1,-15.714,1,0.946,0,0.151,0.96,129.03,23307,4,On Air - Live At The BBC (Vol.2)
212,The Beatles,"The Hippy Hippy Shake - Live At The BBC For ""Pop Go The Beatles"" / 10th September, 1963",4nS1ASybRmUQ5RheSTyD9i,0.504,0.763,11,-8.714,0,0.0763,0.00766,0.173,0.928,140.272,106133,4,On Air - Live At The BBC (Vol.2)
213,The Beatles,"Roll Over Beethoven - Live At The BBC For ""Pop Go The Beatles"" / 3rd September, 1963",70xrIwoEZFPl0z05jch6Vt,0.391,0.885,2,-8.674,1,0.0628,8.41E-05,0.344,0.89,165.057,141853,4,On Air - Live At The BBC (Vol.2)
214,The Beatles,"There's A Place - Live At The BBC For ""Pop Go The Beatles"" / 3rd September, 1963",4X5ea2X6j3mC6Op2O89Pzh,0.514,0.667,4,-8.532,1,0.0302,0,0.623,0.864,71.852,108960,4,On Air - Live At The BBC (Vol.2)
215,The Beatles,"Bumper Bundle - Live At The BBC For ""Pop Go The Beatles"" / 25th June, 1963",2irmkgFSP2s8DKzN33RDgO,0.716,0.196,1,-19.778,0,0.943,0,0.109,0.906,115.763,49320,5,On Air - Live At The BBC (Vol.2)
216,The Beatles,"P.S. I Love You - Live At The BBC For ""Pop Go The Beatles"" / 25th June, 1963",3kHZUMP24ImkH9PHgjljKB,0.55,0.295,2,-12.462,1,0.0313,7.83E-06,0.231,0.736,138.658,119333,4,On Air - Live At The BBC (Vol.2)
217,The Beatles,"Please Mister Postman - Live At The BBC For ""Pop Go The Beatles"" / 30th July 1963",6VZF1Cn2M2FqlxPoo84afo,0.704,0.549,6,-9.867,0,0.0346,0,0.123,0.922,125.86,136493,4,On Air - Live At The BBC (Vol.2)
218,The Beatles,"Beautiful Dreamer - Live At The BBC For ""Saturday Club"" / 26th January, 1963",6N6He3Wk0q2O0f2LRLrbil,0.44,0.765,2,-8.699,1,0.0855,0.166,0.2,0.81,169.334,106107,4,On Air - Live At The BBC (Vol.2)
219,The Beatles,"Devil In Her Heart - Live At The BBC For ""Pop Go The Beatles"" / 25th September, 1963",2DEBleXFxSOYbb1VyTy8du,0.714,0.534,7,-10.296,1,0.0318,0.000262,0.344,0.897,122.336,141667,4,On Air - Live At The BBC (Vol.2)
220,Paul McCartney,"The 49 Weeks - Live At The BBC For ""Pop Go The Beatles"" / 24th September, 1963",0dTcNeWaYDZIvJxD2QrH4H,0.861,0.2,3,-19.124,0,0.92,0,0.221,0.98,112.889,16627,4,On Air - Live At The BBC (Vol.2)
221,The Beatles,"Sure To Fall (In Love With You) - Live At The BBC For ""Pop Go The Beatles"" / 24th September, 1963",1HfRcPdQoV3Qrzvj5sTv44,0.662,0.336,9,-10.685,1,0.0294,0.00123,0.177,0.723,117.334,140653,4,On Air - Live At The BBC (Vol.2)
222,The Beatles,"Never Mind, Eh? - Live At The BBC For ""Pop Go The Beatles"" / 24th September, 1963",46Yu3BKMgVmS6KhvaCWG3q,0.716,0.164,10,-18.487,0,0.935,0,0.356,0.546,91.668,34280,4,On Air - Live At The BBC (Vol.2)
223,The Beatles,"Twist And Shout - Live At The BBC For ""Pop Go The Beatles"" / 6th August, 1963",5RByFPf1KIxItpeG3dvtBv,0.65,0.753,2,-9.124,1,0.0359,0,0.0432,0.932,129.656,145320,4,On Air - Live At The BBC (Vol.2)
224,The Beatles,"Bye, Bye - Live At The BBC For ""Pop Go The Beatles"" / 24th September, 1963",4h21X53xAByl6QeXe6Wtjy,0.628,0.201,2,-16.569,1,0.928,0,0.154,0,167.525,24067,4,On Air - Live At The BBC (Vol.2)
225,John Lennon,"John - Pop Profile - Live At The BBC / 30th November, 1965",5u5MSuBTlh364jDMzcyTWN,0.7,0.186,11,-19.332,1,0.688,0,0.109,0.832,110.779,501880,4,On Air - Live At The BBC (Vol.2)
226,George Harrison,"George - Pop Profile - Live At The BBC / 30th November, 1965",51UslSkGPT7TrXYIsEsWAF,0.596,0.118,6,-22.503,0,0.704,0,0.192,0.594,90.225,484661,4,On Air - Live At The BBC (Vol.2)
227,The Beatles,"I Saw Her Standing There - Live At The BBC For ""Saturday Club"" / 5th October, 1963",7tf0cVIeb1wHHch2LadKc2,0.492,0.506,4,-12.635,1,0.0347,3.42E-06,0.118,0.96,79.471,155733,4,On Air - Live At The BBC (Vol.2)
228,The Beatles,"Glad All Over - Live At The BBC For ""Saturday Club"" / 24th August, 1963",2HXgCRmxRuROwntAqJy5Zq,0.638,0.581,9,-12.328,1,0.0429,0,0.53,0.959,96.099,112493,4,On Air - Live At The BBC (Vol.2)
229,Paul McCartney,"Lift Lid Again - Live At The BBC For ""Saturday Club"" / 24th August, 1963",7sYQJ0KuMKC24iPt3MpXAo,0.678,0.16,6,-24.43,1,0.947,0,0.315,0.864,139.686,37000,3,On Air - Live At The BBC (Vol.2)
230,The Beatles,"I'll Get You - Live At The BBC For ""Saturday Club"" / 5th October, 1963",3DhjiN6CumibuYkQ4lI5sD,0.753,0.346,4,-14.072,1,0.0469,4.03E-06,0.146,0.953,124.64,122347,4,On Air - Live At The BBC (Vol.2)
231,The Beatles,"She Loves You - Live At The BBC For ""Saturday Club"" / 5th October, 1963",0Xvir6Q79hoZxetCmOuUAT,0.43,0.523,4,-10.254,0,0.0288,0,0.105,0.904,155.13,135240,4,On Air - Live At The BBC (Vol.2)
232,The Beatles,"Memphis, Tennessee - Live At The BBC For ""Saturday Club"" / 5th October, 1963",1DkUmd3seTv3HZ3kfNgtxK,0.757,0.303,11,-11.923,1,0.0461,0.152,0.109,0.703,98.125,135893,4,On Air - Live At The BBC (Vol.2)
233,The Beatles,"Happy Birthday Dear Saturday Club - Live At The BBC For ""Saturday Club"" / 5th October, 1963",2UpYmhDZVmzfdsgvLavmfj,0.759,0.486,4,-11.775,1,0.137,0,0.105,0.863,160.832,33853,4,On Air - Live At The BBC (Vol.2)
234,Brian Matthew,"Now Hush, Hush - Live At The BBC For ""Easy Beat"" / 20th October, 1963",0qBskWkYJLLRsfxgAhx1wc,0.449,0.507,1,-12.375,1,0.658,0,0.924,0.444,86.702,24440,4,On Air - Live At The BBC (Vol.2)
235,The Beatles,"From Me To You - Live At The BBC For ""Easy Beat"" / 20th October, 1963",2W3J1ngxUu6l0rxM8Ak4qa,0.474,0.785,0,-8.422,1,0.0502,0.000101,0.533,0.793,143.192,110787,4,On Air - Live At The BBC (Vol.2)
236,The Beatles,"Money (That's What I Want) - Live At The BBC For ""The Beatles Say From Us To You"" / 26th December, 1963",6PWpB4J9xKnYh71TXojz9N,0.633,0.67,4,-9.888,1,0.0377,0.00156,0.174,0.96,131.226,162813,4,On Air - Live At The BBC (Vol.2)
237,The Beatles,"I Want To Hold Your Hand - Live At The BBC For ""The Beatles Say From Us To You"" / 26th December, 1963",4EYHYNUN84Q90jUvBxerIv,0.588,0.744,7,-10.502,1,0.0356,5.99E-05,0.336,0.865,132.471,143333,4,On Air - Live At The BBC (Vol.2)
238,John Lennon,"Brian Bathtubes - Live At The BBC For ""Saturday Club"" / 21st December, 1963",3xohbni06d89qSDGtITdlo,0.77,0.302,6,-17.059,1,0.942,0,0.226,0.797,61.03,58520,3,On Air - Live At The BBC (Vol.2)
239,The Beatles,"This Boy - Live At The BBC For ""Saturday Club"" / 21st December, 1963",5AJaoXVdWEQhvYNsVfFflI,0.632,0.45,2,-10.853,1,0.0323,0.000104,0.0922,0.529,106.002,136000,3,On Air - Live At The BBC (Vol.2)
240,Brian Matthew,"If I Wasn’t In America - Live At The BBC For ""Saturday Club"" / 15th February, 1964",4lMMyBziWO4BySGjoZFvwt,0.674,0.54,10,-14.934,1,0.844,0.0012,0.648,0.958,76.97,44600,5,On Air - Live At The BBC (Vol.2)
241,The Beatles,"I Got A Woman - Live At The BBC For ""Saturday Club"" / 4th April, 1964",2wWRMqKJh0Yg5gnhflDnWD,0.592,0.563,4,-11.998,1,0.0505,0.000961,0.0751,0.772,112.343,155640,4,On Air - Live At The BBC (Vol.2)
242,The Beatles,"Long Tall Sally - Live At The BBC For ""Top Gear"" / 16th July, 1964",76EJLnjXsq38img1CneFVq,0.407,0.477,7,-11.479,1,0.0411,0.00261,0.0411,0.782,173.556,118307,4,On Air - Live At The BBC (Vol.2)
243,The Beatles,Love Me Do - Mono / Remastered,4aX3n1Pn6jiCbvqBL8eqyP,0.524,0.88,0,-3.865,1,0.0987,0.000191,0.154,0.758,148.058,140173,4,1 (Remastered)
244,The Beatles,From Me To You - Mono / Remastered,1euKWJfJSfPhgSendPrcXb,0.581,0.821,0,-4.387,1,0.0318,0,0.108,0.968,136.145,116160,4,1 (Remastered)
245,The Beatles,She Loves You - Mono / Remastered,6nEkxYIEnrbYH7h1hJ8Xn6,0.377,0.916,4,-3.199,0,0.0481,0,0.074,0.912,75.533,140920,4,1 (Remastered)
246,The Beatles,I Want To Hold Your Hand - Remastered 2015,4pbG9SUmWIvsROVLF0zF9s,0.49,0.715,7,-5.549,1,0.0476,0,0.311,0.866,130.726,145747,4,1 (Remastered)
247,The Beatles,Can't Buy Me Love - Remastered 2015,38Vb1J5W5LOs0i7SAF76pa,0.426,0.76,0,-4.082,1,0.0414,0,0.325,0.955,171.838,131213,4,1 (Remastered)
248,The Beatles,A Hard Day's Night - Remastered 2015,1pctwlBtIcKIjQMzsVcGHB,0.546,0.818,0,-4.89,1,0.031,0,0.0983,0.756,138.561,152920,4,1 (Remastered)
249,The Beatles,I Feel Fine - Remastered 2015,5hhF25sWnZvXhimOHLjTRE,0.564,0.827,7,-7.089,1,0.0283,3.73E-06,0.127,0.912,89.847,139347,4,1 (Remastered)
250,The Beatles,Eight Days A Week - Remastered 2015,5ylLypaOksxWd75YrGtx2N,0.636,0.677,9,-5.605,1,0.0316,0,0.215,0.837,138.707,163320,4,1 (Remastered)
251,The Beatles,Ticket To Ride - Remastered 2015,7nhrlsT1P4qsslp28UA1BI,0.554,0.904,4,-6.319,0,0.0536,0,0.259,0.801,123.443,190120,4,1 (Remastered)
252,The Beatles,Help! - Remastered 2015,3Smida2eCUsLzDcmZqXEZ3,0.602,0.736,11,-6.51,0,0.0332,0,0.0776,0.819,94.931,139240,4,1 (Remastered)
253,The Beatles,Yesterday - Remastered 2015,4E5rL7YL0hVUPqeMSpjEF2,0.401,0.189,0,-11.189,1,0.0287,0,0.0968,0.357,94.509,125320,4,1 (Remastered)
254,The Beatles,Day Tripper - Remastered 2015,29b2b96jozyD9GPCkOrVLs,0.665,0.782,6,-8.438,0,0.0307,4.19E-06,0.125,0.731,137.453,169000,4,1 (Remastered)
255,The Beatles,We Can Work It Out - Remastered 2015,1hTUFqJuQAMjXVGwUPWDqi,0.378,0.677,2,-8.63,1,0.0298,0,0.183,0.648,106.071,135693,4,1 (Remastered)
256,The Beatles,Paperback Writer - Remastered 2015,0Ui8KPWZbJJQ2Y0CIQuVqX,0.472,0.856,7,-6.03,1,0.0562,2.78E-06,0.595,0.841,78.696,138200,4,1 (Remastered)
257,The Beatles,Yellow Submarine - Remastered 2015,7zRmGvtSy36Jr19U5OInJT,0.66,0.557,1,-9.597,1,0.03,0,0.543,0.788,110.743,158800,4,1 (Remastered)
258,The Beatles,Eleanor Rigby - Remastered 2015,0Wv8IXRUDZOfmFJHC1VOFI,0.605,0.314,0,-7.631,1,0.0327,0,0.359,0.836,138.148,125867,4,1 (Remastered)
259,The Beatles,Penny Lane - Remastered 2015,7afyyi8zn4FzWbcJ70F56V,0.679,0.592,9,-5.963,1,0.0402,0.0138,0.16,0.55,113.265,180520,4,1 (Remastered)
260,The Beatles,All You Need Is Love - Remastered 2015,6KqiVlOLfDzJViJVAPym1p,0.397,0.625,7,-5.829,1,0.0347,5.47E-06,0.263,0.676,104.54,227760,4,1 (Remastered)
261,The Beatles,"Hello, Goodbye - Remastered 2015",0hqjsgWRfMBf2s8xsvRq1M,0.498,0.806,0,-5.284,1,0.0265,5.74E-06,0.525,0.664,99.396,207787,4,1 (Remastered)
262,The Beatles,Lady Madonna - Remastered 2015,1raiIrqaqRAqZmQWZlLuBd,0.65,0.777,2,-4.984,1,0.0294,0.343,0.215,0.574,109.608,136827,4,1 (Remastered)
263,The Beatles,Hey Jude - Remastered 2015,0aym2LBJBk9DAYuHHutrIl,0.386,0.607,10,-7.7,1,0.0261,1.38E-05,0.088,0.532,147.207,425653,4,1 (Remastered)
264,The Beatles,Get Back - Remastered 2015,6zmQ8bzlDIfngjy0Ba3w46,0.703,0.636,7,-7.579,1,0.0376,0.0256,0.0959,0.218,122.921,191773,4,1 (Remastered)
265,The Beatles,The Ballad Of John And Yoko - Remastered 2015,1F7s27lLKshLPt9TPCgMDL,0.651,0.892,4,-6.551,1,0.0313,2.85E-06,0.127,0.962,135.309,179480,4,1 (Remastered)
266,The Beatles,Something - Remastered 2015,7mzNk14FElnA5DOKQyBrM0,0.449,0.375,0,-9.329,1,0.0286,2.41E-06,0.144,0.466,133.845,181413,4,1 (Remastered)
267,The Beatles,Come Together - Remastered 2015,3CEFDHJSiERlfwRujZ1CkJ,0.559,0.343,9,-13.072,0,0.0424,0.138,0.1,0.183,164.53,258693,4,1 (Remastered)
268,The Beatles,Let It Be - Remastered 2015,4qsVPnhbvEooD1bSNqvvh0,0.445,0.436,0,-8.536,1,0.0332,2.63E-05,0.112,0.483,139.848,230440,4,1 (Remastered)
269,The Beatles,The Long And Winding Road - Remastered 2015,5xhP99gVBIkpr7omcdCeiy,0.326,0.365,3,-8.776,1,0.0265,0.000523,0.0718,0.314,133.084,219440,4,1 (Remastered)
270,The Beatles,"Beatles Greetings - Live At The BBC For ""The Public Ear"" / 3rd November, 1963",0vnk937OSml0sAtci897J8,0,0.29,0,-17.567,1,0,0,0.789,0,0,13773,0,Live At The BBC (Remastered)
271,The Beatles,"From Us To You - Live At The BBC / Opening Theme From ""From Us To You"" / 1964",5S93wKoo3IvEwMQOx7HADT,0.643,0.773,9,-8.383,0,0.0395,0.0514,0.08,0.88,139.013,29587,4,Live At The BBC (Remastered)
272,The Beatles,"Riding On A Bus - Live At The BBC For ""Top Gear"" / 26th November, 1964",5KbTDNdnXan98j4wEDS9eL,0.646,0.135,10,-23.549,1,0.904,0,0.353,0.624,70.649,54893,5,Live At The BBC (Remastered)
273,The Beatles,"I Got A Woman - Live At The BBC For ""Pop Go The Beatles"" / 13th August, 1963",53PHRtl7ZP8gkiWiX4rm16,0.676,0.661,4,-9.981,1,0.0348,0,0.0965,0.909,103.446,168333,4,Live At The BBC (Remastered)
274,The Beatles,"Too Much Monkey Business - Live At The BBC For ""Pop Go The Beatles"" / 10th September, 1963",2NZ2FttCOXIGSLP7F9EvGW,0.631,0.766,1,-9.194,0,0.0601,1.87E-06,0.086,0.965,90.715,127573,4,Live At The BBC (Remastered)
275,The Beatles,"Keep Your Hands Off My Baby - Live At The BBC For ""Saturday Club"" / 26th January, 1963",2wh66N0HWVzwSB0KV7mdQ6,0.566,0.629,7,-11.637,1,0.103,0.833,0.0795,0.885,134.925,151280,4,Live At The BBC (Remastered)
276,The Beatles,"I'll Be On My Way - Live At The BBC For ""Side By Side"" / 24th June, 1963",07Ff2IljWccaYecJVpc2R5,0.614,0.485,9,-12.902,1,0.0306,2.32E-06,0.142,0.79,125.477,117813,4,Live At The BBC (Remastered)
277,The Beatles,"Young Blood - Live At The BBC For ""Pop Go The Beatles"" / 11th June, 1963",3FuRBetiFz4ijeLdGCxQ5Y,0.474,0.615,2,-10.302,1,0.0358,0,0.926,,68.111,115547,4,Live At The BBC (Remastered)
278,The Beatles,"A Shot Of Rhythm And Blues - Live At The BBC For ""Pop Go The Beatles"" / 27th August, 1963",5RuE7nwp4TWsRvLXG7Yjy2,0.699,0.752,2,-9.565,1,0.0354,0.000237,0.265,0.968,128.919,136000,4,Live At The BBC (Remastered)
279,The Beatles,"Sure To Fall (In Love With You) - Live At The BBC For ""Pop Go The Beatles"" / 18th June, 1963",40ivgem49lDsPqJAKZLOr1,0.485,0.53,9,-11.612,1,0.03,7.73E-06,0.587,0.896,129.198,128093,4,Live At The BBC (Remastered)
280,The Beatles,"Some Other Guy - Live At The BBC For ""Easy Beat"" / 23rd June, 1963",3tBJOP6rkrMciM74yAscpw,0.451,0.809,2,-10.967,1,0.0425,0.442,0.139,0.895,94.578,121173,4,Live At The BBC (Remastered)
281,The Beatles,"Thank You Girl - Live At The BBC For ""Easy Beat"" / 23rd June, 1963",0ZDJsHfAMmnvYmnu5DLPer,0.404,0.722,2,-11.698,1,0.0317,0,0.122,0.932,140.796,124653,4,Live At The BBC (Remastered)
282,The Beatles,"Sha La La La La! - Live At The BBC For ""Pop Go The Beatles"" / 11th June, 1963",6GGYXa8pIYOCUgNnl3fnP8,0.803,0.349,1,-19.668,0,0.887,0,0.457,0.95,102.36,28160,3,Live At The BBC (Remastered)
283,The Beatles,"Baby It's You - Live At The BBC For ""Pop Go The Beatles"" / 11th June, 1963",1Xgu0QTqRtOKPeEHd3EVik,0.531,0.525,4,-13.038,0,0.0298,0,0.432,0.786,114.533,163547,4,Live At The BBC (Remastered)
284,The Beatles,"That's All Right (Mama) - Live At The BBC For ""Pop Go The Beatles"" / 16th July, 1963",6zsbf8RSb8YODtTclmMgAb,0.671,0.657,9,-9.806,1,0.03,0.573,0.118,0.957,104.729,175640,4,Live At The BBC (Remastered)
285,The Beatles,"Carol - Live At The BBC For ""Pop Go The Beatles"" / 16th July, 1963",2CkSHHcBZQXxg90xAcUkhn,0.484,0.706,9,-11.505,1,0.0352,6.55E-06,0.0839,0.979,155.616,156227,4,Live At The BBC (Remastered)
286,The Beatles,"What Is It, George? - Live At The BBC For ""Pop Go The Beatles"" / 16th July, 1963",1HUvm2nsmG5K9kUZq3ylie,0.745,0.173,1,-23.719,1,0.93,0,0.506,0.649,102.311,31147,3,Live At The BBC (Remastered)
287,The Beatles,"Soldier Of Love - Live At The BBC For ""Pop Go The Beatles"" / 16th July, 1963",1QnLZL2cCxNUCdWgo3AYR0,0.742,0.413,5,-11.965,1,0.04,2.62E-06,0.305,0.969,123.777,119120,4,Live At The BBC (Remastered)
288,The Beatles,"A Little Rhyme - Live At The BBC For ""Pop Go The Beatles"" / 16th July, 1963",3DNENIsGC1h2tXNfPlq62g,0.744,0.182,0,-21.994,0,0.954,0,0.276,0.88,115.387,25693,4,Live At The BBC (Remastered)
289,The Beatles,"Clarabella - Live At The BBC For ""Pop Go The Beatles"" / 16th July, 1963",569Uf7t8MiSwnHgjk1yrLF,0.521,0.63,7,-11.097,1,0.0729,0,0.597,0.883,132.094,159947,4,Live At The BBC (Remastered)
290,The Beatles,"I'm Gonna Sit Right Down And Cry (Over You) - Live At The BBC For ""Pop Go The Beatles"" / 6th August, 1963",4jqD06p0XjTw6K4QHo9xSO,0.639,0.651,0,-11.385,1,0.047,8.98E-06,0.0737,0.942,98.026,122000,4,Live At The BBC (Remastered)
291,The Beatles,"Crying, Waiting, Hoping - Live At The BBC For ""Pop Go The Beatles"" / 6th August, 1963",3L3fx4XnKCnZCaU3zQxBC2,0.647,0.312,9,-14.55,1,0.0358,0,0.1,0.895,133.613,131173,4,Live At The BBC (Remastered)
292,The Beatles,"Dear Wack! - Live At The BBC For ""Saturday Club"" / 24th August, 1963",2ZLo5iUk04ukDPjuLyTQXQ,0.626,0.15,7,-22.172,1,0.836,0,0.196,0.934,82.17,42653,3,Live At The BBC (Remastered)
293,The Beatles,"You Really Got A Hold On Me - Live At The BBC For ""Saturday Club"" / 24th August, 1963",0FOQrQzq84QWxLKTD9cF7u,0.649,0.294,9,-12.289,1,0.0322,0,0.0716,0.738,82.895,158227,4,Live At The BBC (Remastered)
294,The Beatles,"To Know Her Is To Love Her - Live At The BBC For ""Pop Go The Beatles"" / 6th August, 1963",3PzNwVdR8BNzKCBahvAYOm,0.45,0.34,4,-13.886,1,0.0336,0,0.22,0.456,101.253,170933,3,Live At The BBC (Remastered)
295,The Beatles,"A Taste Of Honey - Live At The BBC For ""Pop Go The Beatles"" / 23rd July, 1963",5veYBivZskq1KPEdaK6Wco,0.506,0.285,4,-12.723,1,0.0313,0,0.333,0.607,100.443,118693,3,Live At The BBC (Remastered)
296,The Beatles,"Long Tall Sally - Live At The BBC For ""Pop Go The Beatles"" / 13th August, 1963",6umlrYhBfLxECERl8CBk6p,0.593,0.666,7,-10.766,1,0.0485,0.000226,0.126,0.877,91.054,113973,4,Live At The BBC (Remastered)
297,The Beatles,"I Saw Her Standing There - Live At The BBC For ""Easy Beat"" / 20th October 1963",6Onh1jm8nv8N0sZuL8LNpT,0.459,0.735,4,-9.772,1,0.0384,0,0.943,,164.869,155133,4,Live At The BBC (Remastered)
298,The Beatles,"The Honeymoon Song - Live At The BBC For ""Pop Go The Beatles"" / 6th August, 1963",4nN3sSVDpCqf3TW4tpDBAS,0.728,0.323,4,-14.612,1,0.0501,0,0.0794,0.799,134.904,99973,4,Live At The BBC (Remastered)
299,The Beatles,"Johnny B Goode - Live At The BBC For ""Saturday Club"" / 15th February, 1964",4QqUqY4ZcEsXELYQbnSy5u,0.492,0.737,9,-10.537,1,0.0442,1.45E-05,0.239,0.961,152.231,171253,4,Live At The BBC (Remastered)
300,The Beatles,"Memphis, Tennessee - Live At The BBC For ""Pop Go The Beatles"" / 30th July, 1963",1GOR0CC1Wnz2nIs8KQVbIQ,0.77,0.411,8,-11.981,0,0.0447,0.00275,0.0875,0.538,97.793,135787,4,Live At The BBC (Remastered)
301,The Beatles,"Lucille - Live At The BBC For ""Saturday Club"" / 5th October, 1963",2s4VuwtM6GII3MI3AOjJal,0.629,0.651,5,-10.471,1,0.0306,0,0.293,0.97,142.527,110160,4,Live At The BBC (Remastered)
302,The Beatles,"Can't Buy Me Love - Live At The BBC For ""From Us To You Say The Beatles"" / 10th March, 1964",4yYuWe6Mvr9JJcvUGupd4s,0.531,0.597,0,-10.337,1,0.0342,0,0.451,0.946,173.251,127653,4,Live At The BBC (Remastered)
303,The Beatles,"From Fluff To You - Live At The BBC For ""From Us To You Say The Beatles"" / 10th March, 1964",2dbxhZa5Hy4Gm8KraRMoRM,0.719,0.0596,9,-25.112,0,0.904,6.58E-06,0.12,0.721,87.718,28067,4,Live At The BBC (Remastered)
304,The Beatles,"Till There Was You - Live At The BBC For ""From Us To You Say The Beatles"" / 10th March, 1964",2SxoyLEyWDrmOCojLtdmsO,0.571,0.329,5,-13.496,1,0.0362,1.82E-06,0.0876,0.571,120.101,137427,4,Live At The BBC (Remastered)
305,The Beatles,"Crinsk Dee Night - Live At The BBC For ""Top Gear"" / 16th July, 1964",4BguAGpH8UIqyFOHbbhBKn,0.678,0.11,2,-21.429,0,0.456,0,0.303,0.699,87.792,69413,5,Live At The BBC (Remastered)
306,The Beatles,"A Hard Day's Night - Live At The BBC For ""Top Gear"" / 16th July, 1964",10Pp5nEaoOtUpnfXKz1kAK,0.552,0.525,0,-11.16,1,0.0363,0,0.147,0.796,139.302,163600,4,Live At The BBC (Remastered)
307,The Beatles,"Ringo? Yep! - Live At The BBC For ""From Us To You Say The Beatles"" / 30th March, 1964",7rNv06qGP8OwY49hw06V0p,0,0.0613,9,-22.937,1,0,0,0.317,0,0,13853,0,Live At The BBC (Remastered)
308,The Beatles,"I Wanna Be Your Man - Live At The BBC For ""From Us To You Say The Beatles"" / 30th March, 1964",60b4qWeB0L2qQTyRuuOPQs,0.435,0.818,11,-10.838,0,0.0825,8.99E-06,0.134,0.691,192.399,129880,4,Live At The BBC (Remastered)
309,The Beatles,"Just A Rumour - Live At The BBC For ""From Us To You Say The Beatles"" / 30th March, 1964",0F4Z1nLivaQjZNpkXBxh8c,0.737,0.0586,9,-27.456,0,0.918,0,0.392,0.923,119.715,20160,4,Live At The BBC (Remastered)
310,The Beatles,"Roll Over Beethoven - Live At The BBC For ""From Us To You Say The Beatles"" / 30th March, 1964",1Y57iWs9X7krJxQpuFLAjq,0.468,0.644,2,-11.269,1,0.0439,0.000156,0.185,0.966,169.778,136747,4,Live At The BBC (Remastered)
311,The Beatles,"All My Loving - Live At The BBC For ""From Us To You Say The Beatles"" / 30th March, 1964",6NRVOIv9P0hHiLPmJtuR5m,0.477,0.49,1,-10.884,0,0.0314,0.00462,0.316,0.882,76.349,126707,4,Live At The BBC (Remastered)
312,The Beatles,"Things We Said Today - Live At The BBC For ""Top Gear"" / 16th July, 1964",2nxQO7UEkzClntpdwLoyJP,0.649,0.488,5,-12.87,1,0.0341,0,0.0662,0.778,136.058,137840,4,Live At The BBC (Remastered)
313,The Beatles,"She's A Woman - Live At The BBC For ""Top Gear"" / 26th November, 1964",4ekQhyK6Kmi6uNGlxqW1ec,0.76,0.378,9,-13.018,1,0.0402,0.00016,0.0671,0.907,87.182,198867,4,Live At The BBC (Remastered)
314,The Beatles,"Sweet Little Sixteen - Live At The BBC For ""Pop Go The Beatles"" / 23rd July, 1963",2x1GxtalXb3xo13T76UFxz,0.491,0.637,4,-10.923,1,0.0437,0,0.071,0.975,169.477,141467,4,Live At The BBC (Remastered)
315,The Beatles,"1822! - Live At The BBC For ""Pop Go The Beatles"" / 23rd July, 1963",3MksxREMIslA65ZsIZHqzH,0,0.0923,8,-20.653,1,0,0,0.155,0,0,10360,0,Live At The BBC (Remastered)
316,The Beatles,"Lonesome Tears In My Eyes - Live At The BBC For ""Pop Go The Beatles"" / 23rd July, 1963",1wSZ0SwBymmDV96CtlGl9o,0.579,0.481,4,-12.618,1,0.0398,0.0459,0.0741,0.963,161.701,156160,4,Live At The BBC (Remastered)
317,The Beatles,"Nothin' Shakin' - Live At The BBC For ""Pop Go The Beatles"" / 23rd July, 1963",5YrqrCg9WqPyhvIGlpaOst,0.761,0.614,9,-11.97,1,0.0374,0,0.179,0.979,117.032,179880,4,Live At The BBC (Remastered)
318,The Beatles,"The Hippy Hippy Shake - Live At The BBC For ""Pop Go The Beatles"" / 30th July, 1963",1j8M18rzGenrxvrbHNp8Aj,0.541,0.6,2,-11.599,1,0.0311,0,0.238,0.958,133.737,110307,4,Live At The BBC (Remastered)
319,The Beatles,"Glad All Over - Live At The BBC For ""Pop Go The Beatles"" / 20th August, 1963",4a75E2Hcz8gQWnEAoK2WBR,0.604,0.617,9,-11.213,1,0.0346,0,0.454,0.913,92.458,112813,4,Live At The BBC (Remastered)
320,The Beatles,Two Of Us - Remastered 2009,0CaBBQsaAiRHhiLmzi7ZRp,0.726,0.702,7,-10.757,1,0.032,3.46E-05,0.239,0.931,109.114,216813,4,Let It Be (Remastered)
321,The Beatles,Dig A Pony - Remastered 2009,4OUmlC67FoPLvQNuE5C7kF,0.538,0.478,11,-8.957,0,0.0388,0,0.17,0.527,59.004,235000,4,Let It Be (Remastered)
322,The Beatles,Across The Universe - Remastered 2009,4dkoqJrP0L8FXftrMZongF,0.257,0.412,1,-11.788,1,0.0287,8.68E-05,0.0702,0.858,152.126,228133,4,Let It Be (Remastered)
323,The Beatles,I Me Mine - Remastered 2009,2BMqay80iBzZTa608Y1eG1,0.291,0.638,9,-7.854,0,0.0554,0,0.101,0.525,185.235,145587,3,Let It Be (Remastered)
324,The Beatles,Dig It - Remastered 2009,0eRyOunOVBChlXxIvqwOxH,0.54,0.489,5,-12.276,1,0.117,0.0019,0.457,0.67,157.03,50467,3,Let It Be (Remastered)
325,The Beatles,Let It Be - Remastered 2009,7iN1s7xHE4ifF5povM6A48,0.443,0.403,0,-8.339,1,0.0322,0,0.111,0.41,143.462,243027,4,Let It Be (Remastered)
326,The Beatles,Maggie Mae - Remastered 2009,2VsX1BoWSGiuVXGiFSUr6h,0.516,0.515,2,-12.035,0,0.215,0,0.103,0.524,169.039,40040,4,Let It Be (Remastered)
327,The Beatles,I've Got A Feeling - Remastered 2009,3gwRWIbr5ycEVLIAXrWaw7,0.44,0.609,2,-8.824,1,0.0358,0,0.582,0.364,165.156,217560,4,Let It Be (Remastered)
328,The Beatles,One After 909 - Remastered 2009,50qHmeex1nPTyQTwBXjSE4,0.554,0.828,4,-6.435,1,0.0739,0,0.907,0.888,90.95,173960,4,Let It Be (Remastered)
329,The Beatles,The Long And Winding Road - Remastered 2009,3mlMpmY8oZIBFc39D9zLbh,0.299,0.329,3,-10.096,1,0.0279,0.0105,0.0559,0.392,132.282,218187,4,Let It Be (Remastered)
330,The Beatles,For You Blue - Remastered 2009,5dpRJkvY8oWMQmQbEQTXhO,0.88,0.556,2,-10.773,1,0.0855,0.0483,0.24,0.955,128.542,152213,4,Let It Be (Remastered)
331,The Beatles,Get Back - Remastered 2009,4MLBqAEzNN89o2M9h92Z26,0.761,0.592,2,-9.836,1,0.0586,0.00626,0.61,0.332,123.095,189387,4,Let It Be (Remastered)
332,The Beatles,Come Together - Remastered 2009,2EqlS6tkEnglzr7tkKAAYD,0.533,0.376,9,-11.913,0,0.0393,0.248,0.0926,0.187,165.007,259947,4,Abbey Road (Remastered)
333,The Beatles,Something - Remastered 2009,0pNeVovbiZHkulpGeOx1Gj,0.396,0.338,0,-10.872,1,0.0304,2.62E-06,0.138,0.377,133.522,182293,4,Abbey Road (Remastered)
334,The Beatles,Maxwell's Silver Hammer - Remastered 2009,2S8xyNRJX1XQdo3qnTuovI,0.764,0.426,2,-11.045,1,0.0405,0.000119,0.132,0.726,131.12,207920,4,Abbey Road (Remastered)
335,The Beatles,Oh! Darling - Remastered 2009,2mxByJWOajjiVsLWjNXvDJ,0.422,0.656,4,-8.412,1,0.0397,0.0279,0.268,0.549,173.93,207240,3,Abbey Road (Remastered)
336,The Beatles,Octopus's Garden - Remastered 2009,0suLngfo7rJoetk7Ub6N8l,0.626,0.512,1,-9.15,0,0.0247,4.65E-05,0.215,0.73,92.225,170720,4,Abbey Road (Remastered)
337,The Beatles,I Want You (She's So Heavy) - Remastered 2009,3Z25k4ZF6QENy2d9YatsM5,0.37,0.515,2,-9.487,0,0.0321,0.205,0.0966,0.42,115.732,467320,4,Abbey Road (Remastered)
338,The Beatles,Here Comes The Sun - Remastered 2009,6dGnYIeXmHdcikdzNNDMm2,0.557,0.54,9,-10.484,1,0.0347,0.00248,0.179,0.394,129.171,185733,4,Abbey Road (Remastered)
339,The Beatles,Because - Remastered 2009,1rxoyGj1QuPoVi8fOft1Kt,0.328,0.249,2,-11.777,1,0.0272,5.77E-06,0.134,0.162,81.257,165667,4,Abbey Road (Remastered)
340,The Beatles,You Never Give Me Your Money - Remastered 2009,1jOLTO379yIu9aMnCkpMQl,0.335,0.416,0,-11.051,1,0.0348,0.136,0.116,0.223,174.464,242973,3,Abbey Road (Remastered)
341,The Beatles,Sun King - Remastered 2009,4nwKdZID1ht0lDBJ5h2p87,0.483,0.177,2,-17.629,1,0.0277,0.499,0.116,0.192,74.994,146267,4,Abbey Road (Remastered)
342,The Beatles,Mean Mr Mustard - Remastered 2009,4JOyMhad5dD81uGYLGgKrS,0.676,0.596,4,-9.107,1,0.0272,1.96E-05,0.351,0.97,100.687,66533,4,Abbey Road (Remastered)
343,The Beatles,Polythene Pam - Remastered 2009,1FTCA6wQwulQFokDddKE68,0.474,0.939,11,-8.884,0,0.199,0.674,0.19,0.499,166.829,72640,4,Abbey Road (Remastered)
344,The Beatles,She Came In Through The Bathroom Window - Remastered 2009,2jtUGFsqanQ82zqDlhiKIp,0.53,0.72,2,-8.793,1,0.0338,3.38E-05,0.314,0.69,80.652,118627,4,Abbey Road (Remastered)
345,The Beatles,Golden Slumbers - Remastered 2009,01SfTM5nfCou5gQL70r6gs,0.419,0.152,0,-12.126,1,0.0277,0.0034,0.113,0.239,80.608,91760,4,Abbey Road (Remastered)
346,The Beatles,Carry That Weight - Remastered 2009,5eZrW59C3UgBhkqNlowEID,0.543,0.458,0,-8.976,1,0.0274,0.00663,0.298,0.704,84.319,96467,4,Abbey Road (Remastered)
347,The Beatles,The End - Remastered 2009,5aHHf6jrqDRb1fcBmue2kn,0.647,0.487,11,-10.119,0,0.0689,0.285,0.138,0.222,123.444,141613,1,Abbey Road (Remastered)
348,The Beatles,Her Majesty - Remastered 2009,6UCFZ9ZOFRxK8oak7MdPZu,0.703,0.215,2,-23.03,1,0.0892,1.23E-06,0.13,0.522,100.874,25987,3,Abbey Road (Remastered)
349,The Beatles,Yellow Submarine - Remastered 2009,3oEo8Pqm5IAi8wQfCI5BpR,0.605,0.536,1,-10.069,1,0.0421,0,0.528,0.688,110.849,159720,4,Yellow Submarine (Remastered)
350,The Beatles,Only A Northern Song - Remastered 2009,4phXWLTSlC1BEogSWhJMDD,0.175,0.731,9,-8.341,1,0.0705,0.000751,0.0846,0.801,209.242,204493,4,Yellow Submarine (Remastered)
351,The Beatles,All Together Now - Remastered 2009,2ck8lFrYAch2GPtdhpTHe3,0.587,0.431,2,-9.495,1,0.0686,0,0.561,0.778,95.937,130893,4,Yellow Submarine (Remastered)
352,The Beatles,Hey Bulldog - Remastered 2009,5xYC2ZJJ9TMJL8BOl85O2R,0.587,0.617,7,-9.164,1,0.028,0.639,0.199,0.947,100.495,191307,4,Yellow Submarine (Remastered)
353,The Beatles,It's All Too Much - Remastered 2009,2bQZ9BBhP7vSBiyDz7KXnv,0.39,0.781,7,-7.878,1,0.0364,0.412,0.1,0.199,113.511,385013,4,Yellow Submarine (Remastered)
354,The Beatles,All You Need Is Love - Remastered 2009,2Z8cY4QpZTFUZxCQCpvNe1,0.4,0.463,7,-8.455,1,0.0288,4.59E-05,0.286,0.627,103.103,231213,4,Yellow Submarine (Remastered)
355,George Martin,Pepperland - Remastered 2009,1y8kq7M3tBw4zAttsZMya8,0.354,0.281,7,-12.434,1,0.032,0.763,0.243,0.367,113.126,140733,4,Yellow Submarine (Remastered)
356,George Martin,Sea Of Time - Remastered 2009,6FvhNdlAom6yYHa8ekAaAM,0.237,0.096,2,-20.629,0,0.0387,0.0961,0.203,0.0629,128.054,180213,4,Yellow Submarine (Remastered)
357,George Martin,Sea Of Holes - Remastered 2009,6n42oei7aEx2I0dcluKAGx,0.249,0.0994,6,-19.266,0,0.04,0.926,0.454,0.0357,118.99,136693,3,Yellow Submarine (Remastered)
358,George Martin,Sea Of Monsters - Remastered 2009,30u8QyT0kBSYO5RcZmaLl3,0.253,0.166,9,-16.624,1,0.0346,0.862,0.135,0.0489,83.971,216693,3,Yellow Submarine (Remastered)
359,George Martin,March Of The Meanies - Remastered 2009,7zJKIrxcH2jY4TOqpvoLvH,0.538,0.378,9,-14.117,0,0.0387,0.758,0.456,0.16,117.185,139360,4,Yellow Submarine (Remastered)
360,George Martin,Pepperland Laid Waste - Remastered 2009,0rHHNFcUgB0zlzCk4MVluw,0.269,0.0902,8,-23.018,0,0.042,0.821,0.302,0.0462,82.423,132773,4,Yellow Submarine (Remastered)
361,George Martin,Yellow Submarine In Pepperland - Remastered 2009,7ExawMDcRz2lMgNEjjYzdr,0.406,0.219,7,-13.155,1,0.0359,0.599,0.15,0.271,105.345,134027,4,Yellow Submarine (Remastered)
362,The Beatles,Back In The U.S.S.R. - Remastered 2009,0j3p1p06deJ7f9xmJ9yG22,0.48,0.969,9,-7.464,1,0.0854,0.00022,0.0608,0.494,142.489,163453,4,The Beatles (Remastered)
363,The Beatles,Dear Prudence - Remastered 2009,5NQYyej46WQkgCbnzGD21W,0.388,0.529,7,-10.533,1,0.0436,0.0681,0.108,0.332,150.721,235773,4,The Beatles (Remastered)
364,The Beatles,Glass Onion - Remastered 2009,2jAojvUaPoHPFSPpF0UNRo,0.523,0.51,7,-9.827,0,0.0514,8.38E-05,0.108,0.789,120.432,137840,4,The Beatles (Remastered)
365,The Beatles,"Ob-La-Di, Ob-La-Da - Remastered 2009",1gFNm7cXfG1vSMcxPpSxec,0.818,0.728,10,-8.331,1,0.0314,0.0642,0.251,0.975,113.059,188960,4,The Beatles (Remastered)
366,The Beatles,Wild Honey Pie - Remastered 2009,6j67aNAPeQ31uw4qw4rpLa,0.792,0.763,2,-11.185,1,0.0506,0.627,0.789,0.152,89.9,52973,4,The Beatles (Remastered)
367,The Beatles,The Continuing Story Of Bungalow Bill - Remastered 2009,5Z3Rd1fMcaty8g5Pn7yhBQ,0.621,0.459,0,-10.414,1,0.104,0,0.656,0.648,114.816,194160,4,The Beatles (Remastered)
368,The Beatles,While My Guitar Gently Weeps - Remastered 2009,389QX9Q1eUOEZ19vtzzI9O,0.453,0.654,4,-8.855,0,0.0317,0.00395,0.172,0.702,115,285000,4,The Beatles (Remastered)
369,The Beatles,Happiness Is A Warm Gun - Remastered 2009,71LsKf3xISiOlY1mj7FFPP,0.431,0.54,9,-9.6,0,0.0589,1.34E-06,0.169,0.44,139.288,164547,4,The Beatles (Remastered)
370,The Beatles,Martha My Dear - Remastered 2009,1swmf4hFMJYRNA8Rq9PVaW,0.472,0.292,10,-11.591,1,0.0321,0.0007,0.128,0.824,177.624,148573,4,The Beatles (Remastered)
371,The Beatles,I'm So Tired - Remastered 2009,2X9H5BokS1u5O46YpNYNsZ,0.433,0.483,9,-9.422,1,0.175,2.64E-05,0.539,0.717,68.492,123493,4,The Beatles (Remastered)
372,The Beatles,Blackbird - Remastered 2009,5jgFfDIR6FR0gvlA56Nakr,0.686,0.127,7,-14.361,1,0.0342,1.41E-05,0.0573,0.372,93.699,138387,4,The Beatles (Remastered)
373,The Beatles,Piggies - Remastered 2009,4ZmjfLdJXbqjAENqk7eWSE,0.542,0.445,8,-9.105,1,0.0303,0,0.516,0.52,93.245,124267,4,The Beatles (Remastered)
374,The Beatles,Rocky Raccoon - Remastered 2009,1ITQbrueGLl581a25XXm9c,0.599,0.363,7,-11.728,1,0.0315,0,0.243,0.648,79.456,213107,4,The Beatles (Remastered)
375,The Beatles,Don't Pass Me By - Remastered 2009,4zq4rrfHZeZsTbo5vjJXSV,0.599,0.537,0,-9.617,1,0.0254,1.92E-05,0.194,0.946,84.895,230453,4,The Beatles (Remastered)
376,The Beatles,Why Don't We Do It In The Road? - Remastered 2009,4eLIq1nQNwz2qLu8DeiWIp,0.589,0.522,2,-8.718,1,0.0521,0.000243,0.0993,0.957,187.688,101160,4,The Beatles (Remastered)
377,The Beatles,I Will - Remastered 2009,09x9v1o51dbqi5H0u7UGfp,0.631,0.387,5,-11.529,1,0.0262,0.000406,0.0822,0.832,103.11,105933,4,The Beatles (Remastered)
378,The Beatles,Julia - Remastered 2009,5FnpXVgDOk2sLT58qM22Of,0.512,0.0953,2,-16.082,1,0.0304,0.000268,0.117,0.193,134.706,176667,4,The Beatles (Remastered)
379,The Beatles,Birthday - Remastered 2009,1ABegtCPBMMJaMpfDyATjE,0.541,0.727,2,-7.509,1,0.0384,0.717,0.232,0.91,139.239,163080,4,The Beatles (Remastered)
380,The Beatles,Yer Blues - Remastered 2009,2AsGApoUuN8pTM17Lq9eUd,0.327,0.525,9,-10.272,1,0.0475,0.259,0.133,0.435,151.766,240453,3,The Beatles (Remastered)
381,The Beatles,Mother Nature's Son - Remastered 2009,6TjUg1cTUzWHbal6yQAi7c,0.608,0.178,2,-17.109,1,0.0264,0.352,0.166,0.401,84.78,168027,4,The Beatles (Remastered)
382,The Beatles,Everybody's Got Something To Hide Except Me And My Monkey - Remastered 2009,64P3zpRsDHIk7YTpRtaKYL,0.523,0.731,2,-8.613,1,0.0559,0.000464,0.081,0.81,117.089,144773,4,The Beatles (Remastered)
383,The Beatles,Sexy Sadie - Remastered 2009,2tBv9tAdqEbLNDi5smSjbg,0.577,0.624,0,-9.626,1,0.0285,0.00622,0.117,0.671,75.478,195267,4,The Beatles (Remastered)
384,The Beatles,Helter Skelter - Remastered 2009,0Bs0hUYxz7REyIHH7tRhL2,0.166,0.831,9,-8.469,1,0.0894,0.846,0.811,0.281,167.518,269787,4,The Beatles (Remastered)
385,The Beatles,"Long, Long, Long - Remastered 2009",40d2EcaOOCUjDzzo2YvUWn,0.349,0.129,5,-15.883,1,0.0294,0.405,0.192,0.163,104.837,186307,3,The Beatles (Remastered)
386,The Beatles,Revolution 1 - Remastered 2009,1aOzDhi5a1RWWRy5dmYA8I,0.386,0.626,9,-9.451,1,0.0377,0.00164,0.621,0.695,98.425,255707,4,The Beatles (Remastered)
387,The Beatles,Honey Pie - Remastered 2009,1TPcNcmuKlq0PKpYOBgP1U,0.537,0.297,7,-15.452,1,0.0822,1.50E-05,0.145,0.553,144.197,161160,4,The Beatles (Remastered)
388,The Beatles,Savoy Truffle - Remastered 2009,5iyCSUM7zzficwaGo8GIoc,0.623,0.544,11,-11.043,0,0.0536,0.309,0.134,0.793,120.761,174467,4,The Beatles (Remastered)
389,The Beatles,Cry Baby Cry - Remastered 2009,5XmetMMUFNXClbiYnGdVmP,0.517,0.529,9,-11.851,0,0.0323,0.00396,0.174,0.362,76.644,182080,4,The Beatles (Remastered)
390,The Beatles,Revolution 9 - Remastered 2009,5dZ8PeKKZJLIQAWNTdp8WX,0.208,0.615,2,-15.297,0,0.342,0.118,0.824,0.101,91.158,502013,4,The Beatles (Remastered)
391,The Beatles,Good Night - Remastered 2009,3T4Kt51PV4k8tx6YCtBgcl,0.146,0.355,7,-14.583,1,0.0352,0.835,0.114,0.178,146.408,193760,3,The Beatles (Remastered)
392,The Beatles,Magical Mystery Tour - Remastered 2009,0qHMhBZqYb99yhX9BHcIkV,0.297,0.613,9,-9.065,1,0.0931,3.98E-05,0.0734,0.338,170.962,170107,4,Magical Mystery Tour (Remastered)
393,The Beatles,The Fool On The Hill - Remastered 2009,6rHh8urosEFRI67xVa6fzU,0.356,0.26,4,-10.577,0,0.0314,2.10E-06,0.105,0.49,144.184,179107,4,Magical Mystery Tour (Remastered)
394,The Beatles,Flying - Remastered 2009,1itLKsCWHtLnxALkgBk1Fa,0.551,0.395,0,-14.755,1,0.0501,0.88,0.0932,0.261,92.929,135520,4,Magical Mystery Tour (Remastered)
395,The Beatles,Blue Jay Way - Remastered 2009,0QIX9BS0AUCQcHYvyrsMkV,0.294,0.407,0,-11.575,1,0.0308,0.000219,0.0852,0.0378,101.052,235067,4,Magical Mystery Tour (Remastered)
396,The Beatles,Your Mother Should Know - Remastered 2009,1dxbAIfCASqv6jix2R1Taj,0.698,0.293,0,-11.361,1,0.0332,0.0106,0.0936,0.724,117.613,148413,4,Magical Mystery Tour (Remastered)
397,The Beatles,I Am The Walrus - Remastered 2009,6Pq9MmkDQYZiiCDpxnvrf6,0.401,0.556,2,-10.532,1,0.0513,0.000359,0.589,0.654,85.206,275867,4,Magical Mystery Tour (Remastered)
398,The Beatles,"Hello, Goodbye - Remastered 2009",0vZ97gHhemKm6c64hTfJNA,0.479,0.733,0,-8.753,1,0.0256,2.40E-05,0.414,0.806,99.307,208840,4,Magical Mystery Tour (Remastered)
399,The Beatles,Strawberry Fields Forever - Remastered 2009,3Am0IbOxmvlSXro7N5iSfZ,0.39,0.502,10,-12.277,1,0.178,0.000138,0.0713,0.289,97.871,247320,4,Magical Mystery Tour (Remastered)
400,The Beatles,Penny Lane - Remastered 2009,1h04XMpzGzmAudoI6VHBgA,0.651,0.488,9,-8.22,1,0.0316,0.026,0.136,0.49,113.038,180893,4,Magical Mystery Tour (Remastered)
401,The Beatles,"Baby, You're A Rich Man - Remastered 2009",0JBvtprXP2Z0LP3jmzA7Xp,0.619,0.625,7,-9.635,1,0.036,1.05E-06,0.152,0.467,96.751,181307,4,Magical Mystery Tour (Remastered)
402,The Beatles,All You Need Is Love - Remastered 2009,68BTFws92cRztMS1oQ7Ewj,0.4,0.48,7,-7.768,1,0.0295,3.10E-05,0.155,0.653,103.436,230387,4,Magical Mystery Tour (Remastered)
403,The Beatles,Sgt. Pepper's Lonely Hearts Club Band - Remix,7zoJlTUGcq4zMWJoiPDwSn,0.367,0.846,7,-6.695,1,0.12,0.0135,0.876,0.516,95.149,122133,4,Sgt. Pepper's Lonely Hearts Club Band (Deluxe Edition)
404,The Beatles,With A Little Help From My Friends - Remix,0eB3fPlVIqdz0X42l6HB3c,0.673,0.628,1,-6.997,0,0.0276,0,0.22,0.711,112.345,165293,4,Sgt. Pepper's Lonely Hearts Club Band (Deluxe Edition)
405,The Beatles,Lucy In The Sky With Diamonds - Remix,2l7StUrMq3TBNG3g92ZPLo,0.325,0.513,2,-6.542,1,0.0392,0,0.156,0.425,135.753,207680,3,Sgt. Pepper's Lonely Hearts Club Band (Deluxe Edition)
406,The Beatles,Getting Better - Remix,1853kVDomk41P3B2PD85wR,0.599,0.538,0,-6.893,1,0.0322,0,0.0953,0.799,121.942,167013,4,Sgt. Pepper's Lonely Hearts Club Band (Deluxe Edition)
407,The Beatles,Fixing A Hole - Remix,7agGeT7dfeRjUf8S9CZhRr,0.412,0.653,0,-7.209,0,0.0458,0,0.0678,0.548,112.079,157960,4,Sgt. Pepper's Lonely Hearts Club Band (Deluxe Edition)
408,The Beatles,She's Leaving Home - Remix,3uL97vJsnNFru4c9k2eXf0,0.372,0.317,0,-9.878,1,0.0317,0,0.117,0.205,133.606,205840,4,Sgt. Pepper's Lonely Hearts Club Band (Deluxe Edition)
409,The Beatles,Being For The Benefit Of Mr. Kite! - Remix,1gfoktQQnT1ZP8VD8ugcbf,0.437,0.744,9,-5.27,0,0.0449,0,0.105,0.589,111.326,159200,4,Sgt. Pepper's Lonely Hearts Club Band (Deluxe Edition)
410,The Beatles,Within You Without You - Remix,6FIvJKb7VLeUKVXNqYmYDI,0.293,0.55,6,-8.48,1,0.0348,3.42E-05,0.289,0.377,125.172,307587,4,Sgt. Pepper's Lonely Hearts Club Band (Deluxe Edition)
411,The Beatles,When I'm Sixty-Four - Remix,5IwjRLoxRNd3dmSjtZcjAw,0.693,0.3,8,-9.283,1,0.0591,0,0.142,0.587,138.216,160013,4,Sgt. Pepper's Lonely Hearts Club Band (Deluxe Edition)
412,The Beatles,Lovely Rita - Remix,5ImvIyUrVT1EP3alE21S7F,0.577,0.675,8,-5.521,1,0.0242,0,0.0946,0.659,87.463,165800,4,Sgt. Pepper's Lonely Hearts Club Band (Deluxe Edition)
413,The Beatles,Good Morning Good Morning - Remix,3xaBPqAkq22sCNcZe1tV0V,0.516,0.774,2,-6.955,1,0.0895,0,0.5,0.849,121.559,154467,4,Sgt. Pepper's Lonely Hearts Club Band (Deluxe Edition)
414,The Beatles,Sgt. Pepper's Lonely Hearts Club Band (Reprise) - Remix,2dz3bRnbwOuKWD03cVc720,0.576,0.945,0,-5.376,1,0.0547,0.124,0.463,0.794,118.778,80600,4,Sgt. Pepper's Lonely Hearts Club Band (Deluxe Edition)
415,The Beatles,A Day In The Life - Remix,5cmMh3PpN0A2LjAQIzBaoy,0.339,0.446,4,-10.854,0,0.0453,0.000177,0.9,0.133,80.895,330920,4,Sgt. Pepper's Lonely Hearts Club Band (Deluxe Edition)
416,The Beatles,Sgt. Pepper's Lonely Hearts Club Band - Take 9 And Speech,7plwLKEflIAavCajsQjeQX,0.583,0.687,0,-7.932,1,0.0731,0.0174,0.668,0.5,94.509,156440,4,Sgt. Pepper's Lonely Hearts Club Band (Deluxe Edition)
417,The Beatles,With A Little Help From My Friends - Take 1 / False Start And Take 2 / Instrumental,3fhGTS8IdEpLDoNDoDQPNm,0.913,0.603,6,-7.878,0,0.107,0.531,0.154,0.38,111.388,196520,4,Sgt. Pepper's Lonely Hearts Club Band (Deluxe Edition)
418,The Beatles,Lucy In The Sky With Diamonds - Take 1,0dPGx0uno4PBUvkfSmzUnj,0.423,0.361,2,-12.382,1,0.0481,4.31E-05,0.106,0.328,99.567,238867,4,Sgt. Pepper's Lonely Hearts Club Band (Deluxe Edition)
419,The Beatles,Getting Better - Take 1 / Instrumental And Speech At The End,6N1cEEdyJu7tqejHQExzJj,0.73,0.459,0,-10.511,1,0.0729,0.121,0.183,0.33,127.565,138533,4,Sgt. Pepper's Lonely Hearts Club Band (Deluxe Edition)
420,The Beatles,Fixing A Hole - Speech And Take 3,4n9UxoJpIY7Jb74USLNdHy,0.591,0.554,5,-7.154,1,0.0538,7.85E-05,0.0437,0.641,113.629,207840,4,Sgt. Pepper's Lonely Hearts Club Band (Deluxe Edition)
421,The Beatles,She's Leaving Home - Take 1 / Instrumental,1R3nG4KDTjmtGlK01gh8ah,0.443,0.118,4,-12.964,1,0.0369,0.928,0.125,0.184,127.648,229120,3,Sgt. Pepper's Lonely Hearts Club Band (Deluxe Edition)
422,The Beatles,Being For The Benefit Of Mr. Kite! - Take 4,1Pe03qt9RAB8sRirNYgqja,0.595,0.378,0,-11.467,1,0.0488,8.96E-06,0.432,0.536,111.717,187213,4,Sgt. Pepper's Lonely Hearts Club Band (Deluxe Edition)
423,The Beatles,Within You Without You - Take 1 / Indian Instruments,4ku56ynUFzqOoSzU1RRovJ,0.379,0.389,5,-13.086,1,0.0406,0.177,0.134,0.181,120.807,333400,4,Sgt. Pepper's Lonely Hearts Club Band (Deluxe Edition)
424,The Beatles,When I'm Sixty-Four - Take 2,3UvlUc5dxEVe0whDpvKSg9,0.818,0.231,7,-11.951,1,0.127,0,0.0747,0.462,132.645,178653,4,Sgt. Pepper's Lonely Hearts Club Band (Deluxe Edition)
425,The Beatles,Lovely Rita - Speech And Take 9,4PwL9jbHQOLuXbdWuXU4yk,0.464,0.719,4,-6.883,1,0.0672,0,0.384,0.687,180.83,184360,4,Sgt. Pepper's Lonely Hearts Club Band (Deluxe Edition)
426,The Beatles,Good Morning Good Morning - Take 8,17lsrQArXWdlQw4Lrd5GNV,0.75,0.503,2,-10.564,1,0.0874,0.000398,0.158,0.804,121.748,166640,4,Sgt. Pepper's Lonely Hearts Club Band (Deluxe Edition)
427,The Beatles,Sgt. Pepper's Lonely Hearts Club Band (Reprise) - Speech And Take 8,6UzlfJySe2hdByUzFi4Xqm,0.796,0.786,0,-7.07,1,0.0844,0.000455,0.148,0.727,119.257,116067,4,Sgt. Pepper's Lonely Hearts Club Band (Deluxe Edition)
428,The Beatles,A Day In The Life - Take 1 With Hums,4UzNknJG4hfX4zeoHYPc2a,0.483,0.326,4,-11.599,0,0.0379,0.000172,0.254,0.192,170.439,291960,4,Sgt. Pepper's Lonely Hearts Club Band (Deluxe Edition)
429,The Beatles,Strawberry Fields Forever - Take 7,3tcyrloBOwJtLpHDE3shE1,0.368,0.427,9,-10.515,0,0.25,8.82E-05,0.111,0.329,178.664,196880,4,Sgt. Pepper's Lonely Hearts Club Band (Deluxe Edition)
430,The Beatles,Strawberry Fields Forever - Take 26,5HNcqLJ4VekKOg8MRLtZDf,0.443,0.745,0,-9.862,1,0.168,0.000306,0.335,0.29,110.83,199813,4,Sgt. Pepper's Lonely Hearts Club Band (Deluxe Edition)
431,The Beatles,Strawberry Fields Forever - Stereo Mix 2015,7cj2vy1gg6uSt03zqMxdQv,0.387,0.628,10,-9.686,1,0.252,0.000299,0.0884,0.236,97.657,246413,4,Sgt. Pepper's Lonely Hearts Club Band (Deluxe Edition)
432,The Beatles,Penny Lane - Take 6 / Instrumental,1W2l1IgVGX54X8K3KMlP6e,0.9,0.5,0,-8.848,1,0.0961,0.796,0.118,0.147,120.795,176707,3,Sgt. Pepper's Lonely Hearts Club Band (Deluxe Edition)
433,The Beatles,Penny Lane - Stereo Mix 2017,4evLq4XYyGXPNZUpXWI8yj,0.628,0.522,9,-7.616,1,0.0422,0.00166,0.113,0.623,113.292,179147,4,Sgt. Pepper's Lonely Hearts Club Band (Deluxe Edition)
434,The Beatles,Sgt. Pepper's Lonely Hearts Club Band - Remix,3J2RmOkB4VRBv4N66Nor0y,0.361,0.857,7,-6.6,1,0.163,0.00624,0.86,0.523,95.114,122133,4,Sgt. Pepper's Lonely Hearts Club Band (Deluxe Edition)
435,The Beatles,With A Little Help From My Friends - Remix,2YsKxAJKUJx93BKxzQ3RTr,0.643,0.605,4,-6.998,1,0.0295,0,0.262,0.794,112.057,165293,4,Sgt. Pepper's Lonely Hearts Club Band (Deluxe Edition)
436,The Beatles,Lucy In The Sky With Diamonds - Remix,5od7xyJpszivAXNkBc5SL8,0.318,0.53,2,-6.521,1,0.0369,0,0.145,0.423,137.423,207680,3,Sgt. Pepper's Lonely Hearts Club Band (Deluxe Edition)
437,The Beatles,Getting Better - Remix,3liuLCzIoOhduPXp8kbHHA,0.598,0.551,0,-6.909,1,0.0308,0,0.0958,0.817,121.959,167013,4,Sgt. Pepper's Lonely Hearts Club Band (Deluxe Edition)
438,The Beatles,Fixing A Hole - Remix,5L3ltLBs4BQADp6FgEipr7,0.405,0.644,0,-7.115,0,0.0495,0,0.0681,0.52,111.667,157960,4,Sgt. Pepper's Lonely Hearts Club Band (Deluxe Edition)
439,The Beatles,She's Leaving Home - Remix,3mjQT6aE0mvrffreC9OvWa,0.372,0.32,0,-9.724,1,0.0315,0,0.108,0.251,130.97,205840,4,Sgt. Pepper's Lonely Hearts Club Band (Deluxe Edition)
440,The Beatles,Being For The Benefit Of Mr. Kite! - Remix,3mMv7l7eHDHgpJqJvjXdWx,0.246,0.743,9,-5.224,0,0.0526,0,0.19,0.623,83.339,159200,1,Sgt. Pepper's Lonely Hearts Club Band (Deluxe Edition)
441,The Beatles,Within You Without You - Remix,0zOVNfqK09eYVHhv5N3lNY,0.292,0.545,6,-8.475,1,0.0352,5.95E-05,0.306,0.365,124.251,307587,4,Sgt. Pepper's Lonely Hearts Club Band (Deluxe Edition)
442,The Beatles,When I'm Sixty-Four - Remix,1aIwEwu8BE3s5j7hmvZRt9,0.697,0.294,8,-9.231,1,0.0644,0,0.17,0.571,138.256,160013,4,Sgt. Pepper's Lonely Hearts Club Band (Deluxe Edition)
443,The Beatles,Lovely Rita - Remix,3CdDBopz2XipdS5ICzhWHN,0.58,0.695,8,-5.49,1,0.0252,0,0.0857,0.69,86.822,165800,4,Sgt. Pepper's Lonely Hearts Club Band (Deluxe Edition)
444,The Beatles,Good Morning Good Morning - Remix,4krhZH4q9oZT86bvA4HN6F,0.511,0.794,2,-6.876,1,0.0887,0,0.555,0.847,121.517,154467,4,Sgt. Pepper's Lonely Hearts Club Band (Deluxe Edition)
445,The Beatles,Sgt. Pepper's Lonely Hearts Club Band (Reprise) - Remix,57OwEeLrTkZgqZtbM0Tsr6,0.575,0.948,0,-5.381,1,0.0561,0.369,0.513,0.856,118.758,80600,4,Sgt. Pepper's Lonely Hearts Club Band (Deluxe Edition)
446,The Beatles,A Day In The Life - Remix,5V3HOUIcQTAdUmzHPcfb6F,0.338,0.47,4,-10.636,0,0.0552,0.000205,0.889,0.107,80.724,330920,4,Sgt. Pepper's Lonely Hearts Club Band (Deluxe Edition)
447,The Beatles,Sgt. Pepper's Lonely Hearts Club Band - Take 9 And Speech,1oaFPXlIXMFFgNESnW6JdZ,0.585,0.7,0,-7.966,1,0.0993,0.0111,0.668,0.493,95.695,156440,4,Sgt. Pepper's Lonely Hearts Club Band (Deluxe Edition)
448,The Beatles,With A Little Help From My Friends - Take 1 / False Start And Take 2 / Instrumental,2gtkJPo38dvr8JqOd1hExc,0.912,0.607,6,-7.957,0,0.122,0.464,0.152,0.385,111.363,196520,4,Sgt. Pepper's Lonely Hearts Club Band (Deluxe Edition)
449,The Beatles,Lucy In The Sky With Diamonds - Take 1,3BrTDY7Lpwm7UqC1pdnbaQ,0.418,0.367,2,-12.36,1,0.0503,3.45E-05,0.108,0.316,97.058,238867,4,Sgt. Pepper's Lonely Hearts Club Band (Deluxe Edition)
450,The Beatles,Getting Better - Take 1 / Instrumental And Speech At The End,2FiSf5JfTNvAFUMiiOWUdx,0.724,0.456,0,-10.587,1,0.0748,0.0928,0.198,0.32,127.521,138533,4,Sgt. Pepper's Lonely Hearts Club Band (Deluxe Edition)
451,The Beatles,Fixing A Hole - Speech And Take 3,1RFpFW3Nz67JX5Obt7MlLm,0.605,0.546,5,-7.176,1,0.0486,0.000121,0.0436,0.568,115.28,207840,4,Sgt. Pepper's Lonely Hearts Club Band (Deluxe Edition)
452,The Beatles,She's Leaving Home - Take 1 / Instrumental,6FsdVfBnVYANpYBHo7qezC,0.45,0.12,4,-13.069,1,0.0363,0.883,0.123,0.182,128.506,229120,3,Sgt. Pepper's Lonely Hearts Club Band (Deluxe Edition)
453,The Beatles,Being For The Benefit Of Mr. Kite! - Take 4,5Fo2uGHAErsDwiIOo4wcjS,0.592,0.387,0,-11.451,1,0.0561,5.23E-06,0.391,0.507,111.097,187213,4,Sgt. Pepper's Lonely Hearts Club Band (Deluxe Edition)
454,The Beatles,Within You Without You - Take 1 / Indian Instruments,2EVjL6ljSRdzvHvFgCXS7K,0.376,0.391,5,-13.214,1,0.0398,0.205,0.152,0.175,120.234,333400,4,Sgt. Pepper's Lonely Hearts Club Band (Deluxe Edition)
455,The Beatles,When I'm Sixty-Four - Take 2,5UOd4rjE1TYeEQrQRTQHKv,0.815,0.237,7,-11.932,1,0.162,0,0.0814,0.426,132.627,178653,4,Sgt. Pepper's Lonely Hearts Club Band (Deluxe Edition)
456,The Beatles,Lovely Rita - Speech And Take 9,3RHJClIsYoZaUxt6O26GMd,0.472,0.711,4,-6.874,1,0.0561,0,0.377,0.68,180.847,184360,4,Sgt. Pepper's Lonely Hearts Club Band (Deluxe Edition)
457,The Beatles,Good Morning Good Morning - Take 8,73U4muTtJcAhD94lWvD5zG,0.752,0.514,2,-10.523,1,0.0945,0.000174,0.161,0.79,121.741,166640,4,Sgt. Pepper's Lonely Hearts Club Band (Deluxe Edition)
458,The Beatles,Sgt. Pepper's Lonely Hearts Club Band (Reprise) - Speech And Take 8,4IfD31zm39SP4hsDm9LFZ7,0.797,0.806,0,-7.117,1,0.086,0.000172,0.132,0.762,119.285,116067,4,Sgt. Pepper's Lonely Hearts Club Band (Deluxe Edition)
459,The Beatles,A Day In The Life - Take 1 With Hums,2i9KZZlTOYfX7EtMHtX5NS,0.493,0.33,4,-11.555,0,0.0384,0.000139,0.281,0.195,162.502,291960,4,Sgt. Pepper's Lonely Hearts Club Band (Deluxe Edition)
460,The Beatles,Strawberry Fields Forever - Take 7,1iVxrYU3WOaApanKwWcQqB,0.36,0.428,5,-10.374,1,0.266,3.52E-05,0.116,0.357,179.328,196880,4,Sgt. Pepper's Lonely Hearts Club Band (Deluxe Edition)
461,The Beatles,Strawberry Fields Forever - Take 26,0je32DnbaZ3DzrT6pVia8x,0.444,0.734,0,-9.825,1,0.17,0.000303,0.335,0.335,110.629,199813,4,Sgt. Pepper's Lonely Hearts Club Band (Deluxe Edition)
462,The Beatles,Strawberry Fields Forever - Stereo Mix 2015,7wvgGz8Mkz7VWpGKztBtBg,0.38,0.627,10,-9.647,1,0.267,0.000231,0.092,0.255,95.797,246413,4,Sgt. Pepper's Lonely Hearts Club Band (Deluxe Edition)
463,The Beatles,Penny Lane - Take 6 / Instrumental,4A8PQVuWGPWc8qp33aJX2U,0.897,0.516,0,-8.867,1,0.0883,0.737,0.125,0.144,120.735,176707,3,Sgt. Pepper's Lonely Hearts Club Band (Deluxe Edition)
464,The Beatles,Penny Lane - Stereo Mix 2017,57YeN4L1zAYvnIlLwL3hp6,0.624,0.536,9,-7.617,1,0.042,0.0028,0.108,0.641,112.931,179147,4,Sgt. Pepper's Lonely Hearts Club Band (Deluxe Edition)
465,The Beatles,Sgt. Pepper's Lonely Hearts Club Band - Remastered 2009,4fUKE8EULjQdHF4zb0M8FO,0.451,0.673,7,-9.115,1,0.0734,0.00225,0.797,0.583,95.513,122893,4,Sgt. Pepper's Lonely Hearts Club Band (Remastered)
466,The Beatles,With A Little Help From My Friends - Remastered 2009,2RnPATK99oGOZygnD2GTO6,0.705,0.515,4,-9.343,1,0.0337,0,0.389,0.803,112.035,164107,4,Sgt. Pepper's Lonely Hearts Club Band (Remastered)
467,The Beatles,Lucy In The Sky With Diamonds - Remastered 2009,25yQPHgC35WNnnOUqFhgVR,0.311,0.325,2,-9.042,1,0.0283,0,0.139,0.668,65.09,208467,1,Sgt. Pepper's Lonely Hearts Club Band (Remastered)
468,The Beatles,Getting Better - Remastered 2009,3LtOmWpTXLhilL5odoKysR,0.632,0.471,0,-7.887,1,0.0348,5.08E-06,0.0712,0.764,121.672,168120,4,Sgt. Pepper's Lonely Hearts Club Band (Remastered)
469,The Beatles,Fixing A Hole - Remastered 2009,3pKKxkeB1pOUMHwWBmKc3Y,0.469,0.507,0,-8.917,0,0.0451,0,0.0783,0.619,112.984,156827,4,Sgt. Pepper's Lonely Hearts Club Band (Remastered)
470,The Beatles,She's Leaving Home - Remastered 2009,3PjMtNzwhDHqxoKudm6GvF,0.381,0.214,4,-11.629,1,0.0337,0,0.106,0.393,127.581,215160,3,Sgt. Pepper's Lonely Hearts Club Band (Remastered)
471,The Beatles,Being For The Benefit Of Mr. Kite! - Remastered 2009,6W35n1UlkvqhfMZstB4BXs,0.526,0.413,0,-9.865,1,0.0446,0,0.0992,0.71,111.874,157533,4,Sgt. Pepper's Lonely Hearts Club Band (Remastered)
472,The Beatles,Within You Without You - Remastered 2009,3Umg8CDhO8dOSj7yBTInYb,0.352,0.479,6,-9.965,1,0.0338,0.000353,0.486,0.354,126.166,304667,4,Sgt. Pepper's Lonely Hearts Club Band (Remastered)
473,The Beatles,When I'm Sixty Four - Remastered 2009,1NrbnHlR2BFREcyWXHIHip,0.704,0.241,1,-13.258,1,0.0476,2.80E-05,0.0868,0.661,140.411,157667,4,Sgt. Pepper's Lonely Hearts Club Band (Remastered)
474,The Beatles,Lovely Rita - Remastered 2009,6h9W5FxX4E9lUFsyq8j1AD,0.61,0.471,8,-9.151,0,0.0261,0,0.118,0.63,87.379,162093,4,Sgt. Pepper's Lonely Hearts Club Band (Remastered)
475,The Beatles,Good Morning Good Morning - Remastered 2009,0xIuNHHcKI1JDuBPlSwzb1,0.542,0.618,2,-8.876,1,0.139,0,0.772,0.93,121.849,161227,3,Sgt. Pepper's Lonely Hearts Club Band (Remastered)
476,The Beatles,Sgt. Pepper's Lonely Hearts Club Band - Reprise / Remastered 2009,42ocGQCOT0xYtV3f5kJDsD,0.653,0.889,0,-8.006,1,0.0453,0.589,0.892,0.879,118.773,79067,4,Sgt. Pepper's Lonely Hearts Club Band (Remastered)
477,The Beatles,A Day In The Life - Remastered 2009,0hKRSZhUGEhKU6aNSPBACZ,0.364,0.457,4,-14.162,0,0.0675,0.000106,0.922,0.175,163.219,337413,4,Sgt. Pepper's Lonely Hearts Club Band (Remastered)
478,The Beatles,Sgt. Pepper's Lonely Hearts Club Band - Remix,6JkioJZkImC4GRzgw5MGMO,0.36,0.858,7,-6.353,1,0.106,0.0115,0.845,0.522,95.302,122133,4,Sgt. Pepper's Lonely Hearts Club Band (Super Deluxe Edition)
479,The Beatles,With A Little Help From My Friends - Remix,08XKCwMrwEAyyfTCTGkkhg,0.673,0.639,1,-6.673,0,0.0274,0,0.22,0.75,112.311,165293,4,Sgt. Pepper's Lonely Hearts Club Band (Super Deluxe Edition)
480,The Beatles,Lucy In The Sky With Diamonds - Remix,2iIRl5jf9beA2ExZWzn2nt,0.331,0.521,11,-6.221,0,0.0379,0,0.154,0.432,132.537,207680,3,Sgt. Pepper's Lonely Hearts Club Band (Super Deluxe Edition)
481,The Beatles,Getting Better - Remix,3jR8Xw0qPyGGv8bvFtNmDw,0.591,0.551,0,-6.605,1,0.0308,0,0.0942,0.81,121.949,167013,4,Sgt. Pepper's Lonely Hearts Club Band (Super Deluxe Edition)
482,The Beatles,Fixing A Hole - Remix,6a98mDyXTsYugJhUs1tZr4,0.415,0.665,0,-6.853,0,0.0448,0,0.0663,0.523,112.618,157960,4,Sgt. Pepper's Lonely Hearts Club Band (Super Deluxe Edition)
483,The Beatles,She's Leaving Home - Remix,4Ggjly9D6YlPfywZOViMaG,0.376,0.319,0,-9.573,1,0.031,0,0.124,0.217,132.105,205840,4,Sgt. Pepper's Lonely Hearts Club Band (Super Deluxe Edition)
484,The Beatles,Being For The Benefit Of Mr. Kite! - Remix,65mQIDMBEI6KsCPphwWKrK,0.247,0.752,9,-4.966,0,0.0559,0,0.107,0.593,83.149,159200,1,Sgt. Pepper's Lonely Hearts Club Band (Super Deluxe Edition)
485,The Beatles,Within You Without You - Remix,0kEDYd5bgOdo2yjTaXGMi4,0.291,0.551,6,-8.17,1,0.0345,6.16E-05,0.239,0.373,125.07,307587,4,Sgt. Pepper's Lonely Hearts Club Band (Super Deluxe Edition)
486,The Beatles,When I'm Sixty-Four - Remix,0AvygKcKeMyZlFmDzbqcYK,0.696,0.308,8,-8.956,1,0.0557,0,0.142,0.564,138.425,160013,4,Sgt. Pepper's Lonely Hearts Club Band (Super Deluxe Edition)
487,The Beatles,Lovely Rita - Remix,4gzLeEbCDmgK5XuhgXZt7x,0.578,0.687,8,-5.175,1,0.0241,0,0.0936,0.659,87.479,165800,4,Sgt. Pepper's Lonely Hearts Club Band (Super Deluxe Edition)
488,The Beatles,Good Morning Good Morning - Remix,0ldihDAaEYrlk68C4oSewz,0.505,0.797,2,-6.631,1,0.0897,0,0.484,0.825,121.624,154467,4,Sgt. Pepper's Lonely Hearts Club Band (Super Deluxe Edition)
489,The Beatles,Sgt. Pepper's Lonely Hearts Club Band (Reprise) - Remix,0SH68QO8BDQpxezIZE91Ba,0.576,0.951,0,-5.03,1,0.0521,0.214,0.446,0.789,118.769,80600,4,Sgt. Pepper's Lonely Hearts Club Band (Super Deluxe Edition)
490,The Beatles,A Day In The Life - Remix,18qhv7DD1sEpgWffovGnhn,0.377,0.453,4,-10.455,0,0.0462,0.000141,0.901,0.121,79.935,330907,4,Sgt. Pepper's Lonely Hearts Club Band (Super Deluxe Edition)
491,The Beatles,Strawberry Fields Forever - Take 1,5jPBdSu6u9ZDpKFVseumIv,0.623,0.132,0,-11.084,1,0.0377,8.74E-05,0.193,0.181,96.261,159787,1,Sgt. Pepper's Lonely Hearts Club Band (Super Deluxe Edition)
492,The Beatles,Strawberry Fields Forever - Take 4,4FgtZpOWK3f03CZrKfUPNa,0.527,0.339,10,-12.166,1,0.054,4.48E-06,0.139,0.314,90.754,180120,4,Sgt. Pepper's Lonely Hearts Club Band (Super Deluxe Edition)
493,The Beatles,Strawberry Fields Forever - Take 7,2EiX1YuNGYn4AeMKwfrZdF,0.369,0.402,9,-10.841,0,0.243,9.96E-05,0.115,0.346,178.787,196747,4,Sgt. Pepper's Lonely Hearts Club Band (Super Deluxe Edition)
494,The Beatles,Strawberry Fields Forever - Take 26,7FtyTMUpyHr8sur6DLiTHD,0.448,0.855,0,-6.197,1,0.184,0.000455,0.34,0.342,110.792,198853,4,Sgt. Pepper's Lonely Hearts Club Band (Super Deluxe Edition)
495,The Beatles,Strawberry Fields Forever - Stereo Mix 2015,3Pqf09cdDlOYDNkrbw5l0p,0.413,0.722,10,-6.54,1,0.273,0.000335,0.0994,0.228,97.965,249920,4,Sgt. Pepper's Lonely Hearts Club Band (Super Deluxe Edition)
496,The Beatles,When I'm Sixty-Four - Take 2,7jREybynLwTN2T91oUWqyG,0.816,0.218,7,-12.286,1,0.159,0,0.0846,0.434,132.619,181160,4,Sgt. Pepper's Lonely Hearts Club Band (Super Deluxe Edition)
497,The Beatles,Penny Lane - Take 6 / Instrumental,2ac3duEVpfrlgx4FGoPvxA,0.901,0.548,0,-6.808,1,0.0996,0.837,0.161,0.135,120.775,175547,3,Sgt. Pepper's Lonely Hearts Club Band (Super Deluxe Edition)
498,The Beatles,Penny Lane - Vocal Overdubs And Speech,5H7u0LYDbDeYFp9ZAAP8Di,0.879,0.143,7,-19.917,1,0.261,0.00184,0.452,0.393,113.267,107093,4,Sgt. Pepper's Lonely Hearts Club Band (Super Deluxe Edition)
499,The Beatles,Penny Lane - Stereo Mix 2017,7k1gXoiBTddulMBVlKuJIs,0.617,0.577,9,-5.71,1,0.0388,0.00157,0.106,0.627,112.921,180693,4,Sgt. Pepper's Lonely Hearts Club Band (Super Deluxe Edition)
500,The Beatles,A Day In The Life - Take 1,3FplMj2gYs4cymgvLvl8sO,0.508,0.311,4,-12.204,0,0.0403,8.74E-05,0.125,0.2,84.655,281493,4,Sgt. Pepper's Lonely Hearts Club Band (Super Deluxe Edition)
501,The Beatles,A Day In The Life - Take 2,2n0qkPLHOssnZb1pB19puZ,0.5,0.205,4,-16.155,0,0.0437,6.72E-05,0.345,0.171,76.521,289120,4,Sgt. Pepper's Lonely Hearts Club Band (Super Deluxe Edition)
502,The Beatles,A Day In The Life - Orchestra Overdub,2cExd4UpGdZCqwmXRelHYE,0.243,0.57,7,-16.492,1,0.042,0.659,0.297,0.184,83.105,55787,4,Sgt. Pepper's Lonely Hearts Club Band (Super Deluxe Edition)
503,The Beatles,"A Day In The Life - Hummed Last Chord / Takes 8, 9, 10 And 11",6fUmTfvtgTFJMIMpVz6sDg,0.423,0.226,9,-23.109,1,0.516,0,0.358,0.325,152.329,114560,5,Sgt. Pepper's Lonely Hearts Club Band (Super Deluxe Edition)
504,The Beatles,A Day In The Life - The Last Chord,7G56y9gzIayhvmTqdlThXz,0.438,0.0124,4,-23.34,1,0.0516,6.71E-05,0.11,0.137,71.937,173093,4,Sgt. Pepper's Lonely Hearts Club Band (Super Deluxe Edition)
505,The Beatles,Sgt. Pepper's Lonely Hearts Club Band - Take 1 / Instrumental,4J60mvnuHBQYd4fqpLbPnV,0.695,0.747,7,-9.061,1,0.0547,0.465,0.0963,0.141,97.846,154120,4,Sgt. Pepper's Lonely Hearts Club Band (Super Deluxe Edition)
506,The Beatles,Sgt. Pepper's Lonely Hearts Club Band - Take 9 And Speech,33M8Tg2vvZYsmJIuGa3zZd,0.597,0.66,0,-9.499,1,0.0771,0.00913,0.693,0.556,95.664,156720,4,Sgt. Pepper's Lonely Hearts Club Band (Super Deluxe Edition)
507,The Beatles,Good Morning Good Morning - Take 1 / Instrumental Breakdown,5ZUnnke4Zv4oEG9XJicUVM,0.762,0.582,7,-12.905,1,0.0847,0.301,0.176,0.0765,122.98,64427,4,Sgt. Pepper's Lonely Hearts Club Band (Super Deluxe Edition)
508,The Beatles,Good Morning Good Morning - Take 8,0ms3Eay3tRafE9yOiSS3Km,0.749,0.435,2,-13.366,1,0.0977,0.000195,0.135,0.79,121.715,167307,4,Sgt. Pepper's Lonely Hearts Club Band (Super Deluxe Edition)
509,The Beatles,Fixing A Hole - Take 1,3zguk1999hbwYTMDpsVYoo,0.572,0.409,5,-12.432,0,0.048,2.87E-05,0.0721,0.632,114.662,179360,4,Sgt. Pepper's Lonely Hearts Club Band (Super Deluxe Edition)
510,The Beatles,Fixing A Hole - Speech And Take 3,3jropE4BAPdywe8r42Yhxx,0.622,0.454,5,-10.807,1,0.0573,7.47E-05,0.038,0.613,117.871,208200,4,Sgt. Pepper's Lonely Hearts Club Band (Super Deluxe Edition)
511,The Beatles,Being For The Benefit Of Mr. Kite! - Speech From Before Take 1 / Take 4 And Speech At End,01zDLN3daHhDgsJhqY9QRn,0.602,0.302,0,-14.663,1,0.0606,6.10E-06,0.233,0.527,111.935,188320,4,Sgt. Pepper's Lonely Hearts Club Band (Super Deluxe Edition)
512,The Beatles,Being For The Benefit Of Mr. Kite! - Take 7,2yw3UbhfFiopZBlECEOO05,0.6,0.326,0,-14.385,1,0.101,0,0.185,0.574,112.449,155200,4,Sgt. Pepper's Lonely Hearts Club Band (Super Deluxe Edition)
513,The Beatles,Lovely Rita - Speech And Take 9,2PplbC8NQBWvFLSTzJUmAS,0.671,0.645,4,-9.214,1,0.04,0,0.382,0.653,90.553,185013,4,Sgt. Pepper's Lonely Hearts Club Band (Super Deluxe Edition)
514,The Beatles,Lucy In The Sky With Diamonds - Take 1 And Speech At The End,3sVmaIGrxKARMwVPSVh2QM,0.46,0.297,2,-13.927,1,0.0485,3.96E-05,0.0799,0.337,134.224,220320,3,Sgt. Pepper's Lonely Hearts Club Band (Super Deluxe Edition)
515,The Beatles,"Lucy In The Sky With Diamonds - Speech, False Start And Take 5",0vEEJGrKJLleW4cziz2C6s,0.475,0.384,2,-13.292,1,0.119,6.88E-06,0.158,0.401,132.659,248480,3,Sgt. Pepper's Lonely Hearts Club Band (Super Deluxe Edition)
516,The Beatles,Getting Better - Take 1 / Instrumental And Speech At The End,4YrNun99hnmXEeo4HwMKV7,0.718,0.487,0,-9.718,1,0.0839,0.048,0.306,0.382,127.533,139200,4,Sgt. Pepper's Lonely Hearts Club Band (Super Deluxe Edition)
517,The Beatles,Getting Better - Take 12,486fJnwIZMzMLLd2fYqlLU,0.769,0.488,0,-7.582,1,0.0438,0.00063,0.0715,0.705,122.268,165053,4,Sgt. Pepper's Lonely Hearts Club Band (Super Deluxe Edition)
518,The Beatles,Within You Without You - Take 1 / Indian Instruments,4GKAZbOP8bx93464aL0hk9,0.383,0.432,5,-10.98,1,0.0409,0.177,0.133,0.184,120.037,332560,4,Sgt. Pepper's Lonely Hearts Club Band (Super Deluxe Edition)
519,The Beatles,Within You Without You - George Coaching The Musicians,1cUJR1XBKqBUKCsc9J1DRH,0.36,0.313,5,-13.814,1,0.0401,2.61E-05,0.155,0.315,119.292,235667,4,Sgt. Pepper's Lonely Hearts Club Band (Super Deluxe Edition)
520,The Beatles,She's Leaving Home - Take 1 / Instrumental,1w344nykRKrqN2JsMIUlvR,0.442,0.0782,4,-16.256,1,0.0374,0.895,0.108,0.198,128.584,229147,3,Sgt. Pepper's Lonely Hearts Club Band (Super Deluxe Edition)
521,The Beatles,She's Leaving Home - Take 6 / Instrumental,2rMTGwQjnOcK6T0yBCDmvb,0.47,0.0693,4,-15.798,1,0.038,0.681,0.146,0.285,129.005,228253,3,Sgt. Pepper's Lonely Hearts Club Band (Super Deluxe Edition)
522,The Beatles,With A Little Help From My Friends - Take 1 / False Start And Take 2 / Instrumental,2gawXn44H4l6M5rUT26uZC,0.915,0.51,6,-10.896,0,0.121,0.479,0.138,0.356,111.378,194973,4,Sgt. Pepper's Lonely Hearts Club Band (Super Deluxe Edition)
523,The Beatles,Sgt. Pepper's Lonely Hearts Club Band (Reprise) - Speech And Take 8,2LfQmUUVZTs2Or7ipA0sNR,0.787,0.762,0,-10.758,1,0.0818,8.09E-05,0.0707,0.679,119.302,119160,4,Sgt. Pepper's Lonely Hearts Club Band (Super Deluxe Edition)
524,The Beatles,Sgt Pepper's Lonely Hearts Club Band,6pcO0mAQbpKbqKeiFHuTRR,0.438,0.651,7,-10.615,1,0.0932,5.87E-05,0.905,0.624,95.711,122373,4,Sgt. Pepper's Lonely Hearts Club Band (Super Deluxe Edition)
525,The Beatles,With A Little Help From My Friends,4CEoeG1rCKomLu9DtRvX5l,0.705,0.427,4,-11.971,1,0.0353,0,0.355,0.827,112.294,165160,4,Sgt. Pepper's Lonely Hearts Club Band (Super Deluxe Edition)
526,The Beatles,Lucy In The Sky With Diamonds,10pNLTLW8QHp0FbhjA0ejS,0.269,0.365,2,-11.12,1,0.0401,0,0.0904,0.357,190.968,207333,4,Sgt. Pepper's Lonely Hearts Club Band (Super Deluxe Edition)
527,The Beatles,Getting Better,1GqRv17EiYH30nM3MYE2h5,0.59,0.444,0,-11.472,1,0.0394,5.06E-05,0.13,0.718,121.904,167253,4,Sgt. Pepper's Lonely Hearts Club Band (Super Deluxe Edition)
528,The Beatles,Taxman - Remastered 2009,4BRkPBUxOYffM2QXVlq7aC,0.469,0.596,7,-8.348,1,0.0749,0,0.321,0.783,133.586,158853,4,Revolver (Remastered)
529,The Beatles,Eleanor Rigby - Remastered 2009,5GjPQ0eI7AgmOnADn1EO6Q,0.581,0.28,4,-9.091,0,0.0381,1.56E-05,0.305,0.813,137.831,126533,4,Revolver (Remastered)
530,The Beatles,I'm Only Sleeping - Remastered 2009,2ylCrFiBu98SC0vFfaCent,0.494,0.47,8,-9.599,0,0.0301,0,0.28,0.698,103.477,180320,4,Revolver (Remastered)
531,The Beatles,Love You To - Remastered 2009,4RdJFhfLQcezwN5LsXl4qP,0.391,0.593,5,-8.999,1,0.0413,0.000249,0.0829,0.707,123.986,179827,4,Revolver (Remastered)
532,The Beatles,"Here, There And Everywhere - Remastered 2009",2B4Y9u4ERAFiMo13XPJyGP,0.29,0.247,7,-12.125,1,0.0383,0.00565,0.0917,0.36,165.361,144880,4,Revolver (Remastered)
533,The Beatles,Yellow Submarine - Remastered 2009,50xwQXPtfNZFKFeZ0XePWc,0.604,0.549,1,-9.873,1,0.0389,0,0.438,0.696,111.398,158880,4,Revolver (Remastered)
534,The Beatles,She Said She Said - Remastered 2009,3VSuWxZM6x6V3ig5nYtikL,0.329,0.678,3,-7.878,1,0.0344,0.168,0.843,0.672,106.476,156040,4,Revolver (Remastered)
535,The Beatles,Good Day Sunshine - Remastered 2009,7HTH1ppjkkOe7RLoBDKXYJ,0.77,0.496,11,-8.45,1,0.0468,0,0.123,0.571,117.331,129293,3,Revolver (Remastered)
536,The Beatles,And Your Bird Can Sing - Remastered 2009,4KRgqwb4kvBuTz1utbYxfb,0.555,0.65,4,-6.936,1,0.0282,0.0491,0.236,0.966,132.59,120493,4,Revolver (Remastered)
537,The Beatles,For No One - Remastered 2009,1kDkaFlmkdEZiVUogaP9OZ,0.483,0.351,1,-10.487,0,0.0278,0,0.115,0.713,81.208,119813,4,Revolver (Remastered)
538,The Beatles,Doctor Robert - Remastered 2009,1ob06Ol8FMIPQgjpg7bMyk,0.394,0.64,4,-8.992,1,0.0488,0.139,0.153,0.574,164.626,134267,4,Revolver (Remastered)
539,The Beatles,I Want To Tell You - Remastered 2009,7orb0y6ySGdsYZywMoQtsD,0.493,0.525,9,-9.289,1,0.0315,4.40E-06,0.148,0.449,127.492,147973,4,Revolver (Remastered)
540,The Beatles,Got To Get You Into My Life - Remastered 2009,3tGhRLgcCP6SIZU3tbGl7l,0.521,0.524,0,-6.136,1,0.0302,9.27E-06,0.0838,0.711,136.679,149240,4,Revolver (Remastered)
541,The Beatles,Tomorrow Never Knows - Remastered 2009,00oZhqZIQfL9P5CjOP6JsO,0.38,0.829,5,-6.105,1,0.0405,0.00208,0.342,0.0534,125.887,179547,4,Revolver (Remastered)
542,The Beatles,Two Of Us - 2021 Mix,2CEujT1Tuv3jIIjUyUvupg,0.692,0.756,7,-9.677,1,0.0402,8.80E-05,0.219,0.826,109.111,216480,4,Let It Be (Super Deluxe)
543,The Beatles,Dig A Pony - 2021 Mix,5pbQlOzqzTacF4wbzmWEeA,0.461,0.5,11,-8.023,0,0.0478,9.94E-06,0.209,0.393,118.377,234760,3,Let It Be (Super Deluxe)
544,The Beatles,Across The Universe - 2021 Mix,47q5q2VZ0y264CNDdUAjZY,0.414,0.467,1,-9.189,1,0.027,2.28E-05,0.0779,0.752,76.148,228093,4,Let It Be (Super Deluxe)