,artist,album,track_name,track_id,danceability,energy,key,loudness,mode,speechiness,instrumentalness,liveness,valence,tempo,duration_ms,time_signature,popularity,playlist_name
0,Frank Sinatra,Strangers In The Night (Expanded Edition),Strangers In The Night,74VR3AkGPhbYXnxcOYa16x,0.259,0.473,5,-8.275,1,0.0295,0,0.201,0.539,90.348,157867,4,71.0,my 10 of 40
1,The Temptations,The Temptations Sing Smokey,My Girl,745H5CctFr12Mo7cqa1BMH,0.572,0.418,0,-10.738,1,0.0349,0,0.0961,0.694,104.566,165000,4,80.0,my 10 of 40
2,Aretha Franklin,Respect - The Very Best of,I Say a Little Prayer,0FD8KMG4pHp0O9clTpChjp,0.59,0.355,9,-14.051,1,0.0352,0,0.0585,0.499,133.03,216773,4,59.0,my 10 of 40
3,Ella Fitzgerald,Ella And Basie,Dream A Little Dream Of Me,7sO8fLoq7H3er7C24UtLiF,0.283,0.0738,7,-23.595,1,0.0763,0,0.105,0.223,72.034,246160,4,48.0,my 10 of 40
4,Janis Joplin,I Got Dem Ol' Kozmic Blues Again Mama!,Maybe,0xGSeBsG4V8Scc5YqpZQ66,0.4,0.35,8,-11.401,1,0.0345,0.0397,0.103,0.328,83.389,219133,4,59.0,my 10 of 40
5,The Who,Who's Next (Deluxe Edition),Behind Blue Eyes,0cKk8BKEi7zXbdrYdyqBP5,0.394,0.622,4,-8.258,0,0.0336,4.45e-05,0.0892,0.342,126.844,221427,4,72.0,my 10 of 40
6,Simon & Garfunkel,Bookends,America,6dfhF1BDGmhM69fnCb6wSC,0.259,0.241,2,-15.955,1,0.042,6.62e-06,0.0849,0.275,178.453,215293,3,65.0,my 10 of 40
7,Etta James,Tell Mama,I'd Rather Go Blind,1kPBT8S2wJFNAyBMnGVZgL,0.477,0.433,11,-6.473,0,0.0247,0.000195,0.151,0.611,82.52,156653,3,71.0,my 10 of 40
8,Led Zeppelin,Led Zeppelin II (1994 Remaster),Ramble On - 1990 Remaster,3MODES4TNtygekLl146Dxd,0.468,0.607,9,-11.367,1,0.0336,0.000852,0.225,0.886,98.429,263333,4,71.0,my 10 of 40
9,Marion Williams,The Gospel Soul of Marion Williams,I'll Fly Away,4iReG4ZYXQWFdzL87cuFWE,0.489,0.0444,8,-12.397,1,0.0424,0,0.281,0.367,108.011,169013,5,22.0,my 10 of 40
0,Aretha Franklin,Respect - The Very Best of,I Say a Little Prayer,0FD8KMG4pHp0O9clTpChjp,0.59,0.355,9,-14.051,1,0.0352,0,0.0585,0.499,133.03,216773,4,59.0,Most Familiar With
1,Ben E. King,Stand By Me,Stand By Me,2KQM3kDM0zMBC9iynePBbS,0.653,0.334,9,-6.955,1,0.0313,3.47e-05,0.123,0.665,119.46,174253,4,59.0,Most Familiar With
2,Louis Armstrong,What A Wonderful World,What A Wonderful World,29U7stRjqHU6rMiS8BfaI9,0.271,0.165,5,-20.652,1,0.0351,1.6e-06,0.118,0.203,77.082,139227,4,69.0,Most Familiar With
3,Santana,Abraxas,Oye Como Va,5u6y4u5EgDv0peILf60H5t,0.736,0.379,7,-13.208,1,0.0539,0.345,0.104,0.948,128.399,256933,4,67.0,Most Familiar With
4,The Temptations,The Temptations Sing Smokey,My Girl,745H5CctFr12Mo7cqa1BMH,0.572,0.418,0,-10.738,1,0.0349,0,0.0961,0.694,104.566,165000,4,80.0,Most Familiar With
5,Etta James,Tell Mama,I'd Rather Go Blind,1kPBT8S2wJFNAyBMnGVZgL,0.477,0.433,11,-6.473,0,0.0247,0.000195,0.151,0.611,82.52,156653,3,71.0,Most Familiar With
6,Ella Fitzgerald,Ella And Basie,Dream A Little Dream Of Me,7sO8fLoq7H3er7C24UtLiF,0.283,0.0738,7,-23.595,1,0.0763,0,0.105,0.223,72.034,246160,4,48.0,Most Familiar With
7,The Byrds,Turn! Turn! Turn!,Turn! Turn! Turn! (To Everything There Is a Season),5qBqBdfTEIWJwAS0Jm2F5R,0.451,0.818,2,-8.124,1,0.0439,2.92e-05,0.052,0.755,124.532,229360,4,65.0,Most Familiar With
8,Bill Withers,Just As I Am,Ain't No Sunshine,1k1Bqnv2R0uJXQN4u6LKYt,0.527,0.415,4,-11.451,0,0.122,1.72e-05,0.117,0.515,78.169,125093,4,79.0,Most Familiar With
9,Wilson Pickett,In the Midnight Hour,In the Midnight Hour,4NRQwaks9r58tTDvr4iEyv,0.75,0.444,4,-8.63,1,0.0403,3.69e-06,0.118,0.849,111.919,157160,4,65.0,Most Familiar With
0,Ray Charles,True Genius,Georgia on My Mind,6yMGxqKj0218mFR5KqsMRq,0.19,0.323,7,-12.405,1,0.0303,2.17e-06,0.176,0.281,94.34,219560,4,60.0,M255 “He had a crush”
1,Aretha Franklin,Respect - The Very Best of,I Say a Little Prayer,0FD8KMG4pHp0O9clTpChjp,0.59,0.355,9,-14.051,1,0.0352,0.0,0.0585,0.499,133.03,216773,4,59.0,M255 “He had a crush”
2,Wilson Pickett,Hey Jude,Hey Jude,1MMp1H2Kib2BCDtdL5nL63,0.561,0.385,6,-15.33,1,0.0323,0.000496,0.171,0.664,81.599,247733,4,54.0,M255 “He had a crush”
3,The Temptations,The Temptations Sing Smokey,My Girl,745H5CctFr12Mo7cqa1BMH,0.572,0.418,0,-10.738,1,0.0349,0.0,0.0961,0.694,104.566,165000,4,80.0,M255 “He had a crush”
4,Ben E. King,Stand By Me,Stand By Me,2KQM3kDM0zMBC9iynePBbS,0.653,0.334,9,-6.955,1,0.0313,3.47e-05,0.123,0.665,119.46,174253,4,59.0,M255 “He had a crush”
5,Bill Withers,Just As I Am,Ain't No Sunshine,1k1Bqnv2R0uJXQN4u6LKYt,0.527,0.415,4,-11.451,0,0.122,1.72e-05,0.117,0.515,78.169,125093,4,79.0,M255 “He had a crush”
6,"Crosby, Stills & Nash","Crosby, Stills & Nash",Helplessly Hoping - 2005 Remaster,1UKobFsdqNXQb8OthimCKe,0.483,0.159,7,-13.648,1,0.0353,0.0,0.111,0.423,146.721,157893,4,68.0,M255 “He had a crush”
7,Smokey Robinson & The Miracles,Going To A Go-Go,The Tracks Of My Tears,6QyQmdvQ1ywNccYa0pwLNQ,0.502,0.333,7,-10.914,1,0.0264,0.0,0.222,0.729,96.982,174360,4,64.0,M255 “He had a crush”
8,B.B. King,Completely Well,The Thrill Is Gone,4NQfrmGs9iQXVQI9IpRhjM,0.547,0.46,11,-8.759,0,0.0256,0.442,0.0983,0.543,90.768,324733,4,63.0,M255 “He had a crush”
9,Led Zeppelin,Led Zeppelin II (1994 Remaster),Ramble On - 1990 Remaster,3MODES4TNtygekLl146Dxd,0.468,0.607,9,-11.367,1,0.0336,0.000852,0.225,0.886,98.429,263333,4,71.0,M255 “He had a crush”
0,Ben E. King,Stand By Me,Stand By Me,2KQM3kDM0zMBC9iynePBbS,0.653,0.334,9,-6.955,1,0.0313,3.47e-05,0.123,0.665,119.46,174253,4,59.0,Guitar Playlist
1,Louis Armstrong,What A Wonderful World,What A Wonderful World,29U7stRjqHU6rMiS8BfaI9,0.271,0.165,5,-20.652,1,0.0351,1.6e-06,0.118,0.203,77.082,139227,4,69.0,Guitar Playlist
2,Wilson Pickett,Hey Jude,Hey Jude,1MMp1H2Kib2BCDtdL5nL63,0.561,0.385,6,-15.33,1,0.0323,0.000496,0.171,0.664,81.599,247733,4,54.0,Guitar Playlist
3,"Peter, Paul and Mary",Album 1700,Leaving on a Jet Plane,6ZSTinOwx5dKFYc6iYyGDn,0.414,0.167,9,-16.519,1,0.0484,0.0,0.117,0.384,133.45,207240,4,64.0,Guitar Playlist
4,Etta James,Tell Mama,I'd Rather Go Blind,1kPBT8S2wJFNAyBMnGVZgL,0.477,0.433,11,-6.473,0,0.0247,0.000195,0.151,0.611,82.52,156653,3,71.0,Guitar Playlist
5,Simon & Garfunkel,Bookends,America,6dfhF1BDGmhM69fnCb6wSC,0.259,0.241,2,-15.955,1,0.042,6.62e-06,0.0849,0.275,178.453,215293,3,65.0,Guitar Playlist
6,Bob Dylan,Highway 61 Revisited,Like a Rolling Stone,3AhXZa8sUQht0UEdBJgpGc,0.482,0.721,0,-6.839,1,0.0321,0.0,0.189,0.557,95.263,369600,4,71.0,Guitar Playlist
7,Leonard Cohen,Songs From A Room,Bird on the Wire,3M0QK0bYdiGMu6JNoPk8YG,0.402,0.114,9,-15.691,1,0.0321,0.0024,0.318,0.191,128.332,206373,3,51.0,Guitar Playlist
8,Led Zeppelin,Led Zeppelin II (1994 Remaster),Ramble On - 1990 Remaster,3MODES4TNtygekLl146Dxd,0.468,0.607,9,-11.367,1,0.0336,0.000852,0.225,0.886,98.429,263333,4,71.0,Guitar Playlist
9,Earl Scruggs,I Saw The Light With Some Help From My Friends,I Saw the Light,15VMHkOlujhlk9kURrcOXU,0.601,0.784,9,-11.794,1,0.0359,0.0,0.247,0.625,122.237,223360,4,32.0,Guitar Playlist
0,Ben E. King,Stand By Me,Stand By Me,2KQM3kDM0zMBC9iynePBbS,0.653,0.334,9,-6.955,1,0.0313,3.47e-05,0.123,0.665,119.46,174253,4,59.0,Communities Playlist
1,Sam Cooke,Ain't That Good News,A Change Is Gonna Come,0KOE1hat4SIer491XKk4Pa,0.212,0.383,10,-10.071,1,0.0347,0.0,0.299,0.452,173.79,191160,3,67.0,Communities Playlist
2,Louis Armstrong,What A Wonderful World,What A Wonderful World,29U7stRjqHU6rMiS8BfaI9,0.271,0.165,5,-20.652,1,0.0351,1.6e-06,0.118,0.203,77.082,139227,4,69.0,Communities Playlist
3,Bill Withers,Just As I Am,Ain't No Sunshine,1k1Bqnv2R0uJXQN4u6LKYt,0.527,0.415,4,-11.451,0,0.122,1.72e-05,0.117,0.515,78.169,125093,4,79.0,Communities Playlist
4,Ray Charles,True Genius,Georgia on My Mind,6yMGxqKj0218mFR5KqsMRq,0.19,0.323,7,-12.405,1,0.0303,2.17e-06,0.176,0.281,94.34,219560,4,60.0,Communities Playlist
5,The Temptations,The Temptations Sing Smokey,My Girl,745H5CctFr12Mo7cqa1BMH,0.572,0.418,0,-10.738,1,0.0349,0.0,0.0961,0.694,104.566,165000,4,80.0,Communities Playlist
6,The Band,The Band,The Night They Drove Old Dixie Down,2nvcTDmZkRWKNMAL29sLHo,0.505,0.483,0,-9.272,1,0.0334,0.0,0.222,0.484,125.839,211787,4,63.0,Communities Playlist
7,Nina Simone,Pastel Blues,Sinnerman,5xRP5iyVdGglqlY4Vcjhkx,0.436,0.543,11,-13.351,0,0.0962,9.35e-06,0.0937,0.663,148.282,622000,4,63.0,Communities Playlist
8,Janis Joplin,I Got Dem Ol' Kozmic Blues Again Mama!,Maybe,0xGSeBsG4V8Scc5YqpZQ66,0.4,0.35,8,-11.401,1,0.0345,0.0397,0.103,0.328,83.389,219133,4,59.0,Communities Playlist
9,Santana,Abraxas,Oye Como Va,5u6y4u5EgDv0peILf60H5t,0.736,0.379,7,-13.208,1,0.0539,0.345,0.104,0.948,128.399,256933,4,67.0,Communities Playlist
0,The Temptations,The Temptations Sing Smokey,My Girl,745H5CctFr12Mo7cqa1BMH,0.572,0.418,0,-10.738,1,0.0349,0,0.0961,0.694,104.566,165000,4,80.0,10 From List of 40
1,Wilson Pickett,Hey Jude,Hey Jude,1MMp1H2Kib2BCDtdL5nL63,0.561,0.385,6,-15.33,1,0.0323,0.000496,0.171,0.664,81.599,247733,4,54.0,10 From List of 40
2,Ray Charles,True Genius,Georgia on My Mind,6yMGxqKj0218mFR5KqsMRq,0.19,0.323,7,-12.405,1,0.0303,2.17e-06,0.176,0.281,94.34,219560,4,60.0,10 From List of 40
3,The Rolling Stones,Let It Bleed,You Can't Always Get What You Want,6lFZbCc7pn6Lme1NP7qQqQ,0.32,0.62,0,-9.686,1,0.0594,6.36e-05,0.253,0.472,86.327,448720,4,69.0,10 From List of 40
4,Wilson Pickett,In the Midnight Hour,In the Midnight Hour,4NRQwaks9r58tTDvr4iEyv,0.75,0.444,4,-8.63,1,0.0403,3.69e-06,0.118,0.849,111.919,157160,4,65.0,10 From List of 40
5,Led Zeppelin,Led Zeppelin II (1994 Remaster),Ramble On - 1990 Remaster,3MODES4TNtygekLl146Dxd,0.468,0.607,9,-11.367,1,0.0336,0.000852,0.225,0.886,98.429,263333,4,71.0,10 From List of 40
6,Otis Redding,Complete & Unbelievable: The Otis Redding Dictionary of Soul,Try a Little Tenderness,36AlMHDBFwSsD3FQOy1R81,0.587,0.133,9,-15.151,0,0.0565,2.26e-05,0.258,0.068,102.938,201733,4,63.0,10 From List of 40
7,Louis Armstrong,What A Wonderful World,What A Wonderful World,29U7stRjqHU6rMiS8BfaI9,0.271,0.165,5,-20.652,1,0.0351,1.6e-06,0.118,0.203,77.082,139227,4,69.0,10 From List of 40
8,Etta James,Tell Mama,I'd Rather Go Blind,1kPBT8S2wJFNAyBMnGVZgL,0.477,0.433,11,-6.473,0,0.0247,0.000195,0.151,0.611,82.52,156653,3,71.0,10 From List of 40
9,"Crosby, Stills & Nash","Crosby, Stills & Nash",Helplessly Hoping - 2005 Remaster,1UKobFsdqNXQb8OthimCKe,0.483,0.159,7,-13.648,1,0.0353,0,0.111,0.423,146.721,157893,4,68.0,10 From List of 40
10,Goth Babe,Encinitas,Encinitas,4tO2Ol08xzay6zcfhDKpuN,0.76,0.577,7,-4.981,1,0.0908,0.00352,0.445,0.553,116.02,171724,4,50.0,10 From List of 40
0,Wilson Pickett,Hey Jude,Hey Jude,1MMp1H2Kib2BCDtdL5nL63,0.561,0.385,6,-15.33,1,0.0323,0.000496,0.171,0.664,81.599,247733,4,54.0,My Father's Playlist
1,"Crosby, Stills & Nash","Crosby, Stills & Nash",Helplessly Hoping - 2005 Remaster,1UKobFsdqNXQb8OthimCKe,0.483,0.159,7,-13.648,1,0.0353,0.0,0.111,0.423,146.721,157893,4,68.0,My Father's Playlist
2,Smokey Robinson & The Miracles,Going To A Go-Go,The Tracks Of My Tears,6QyQmdvQ1ywNccYa0pwLNQ,0.502,0.333,7,-10.914,1,0.0264,0.0,0.222,0.729,96.982,174360,4,64.0,My Father's Playlist
3,The Byrds,Turn! Turn! Turn!,Turn! Turn! Turn! (To Everything There Is a Season),5qBqBdfTEIWJwAS0Jm2F5R,0.451,0.818,2,-8.124,1,0.0439,2.92e-05,0.052,0.755,124.532,229360,4,65.0,My Father's Playlist
4,"Peter, Paul and Mary",Album 1700,Leaving on a Jet Plane,6ZSTinOwx5dKFYc6iYyGDn,0.414,0.167,9,-16.519,1,0.0484,0.0,0.117,0.384,133.45,207240,4,64.0,My Father's Playlist
5,Yusuf / Cat Stevens,Tea For The Tillerman (Remastered 2020),Wild World,7mjSHL2Eb0kAwiKbvNNyD9,0.48,0.542,0,-8.51,1,0.0348,0.000609,0.113,0.567,152.853,200560,4,77.0,My Father's Playlist
6,Ray Charles,True Genius,Georgia on My Mind,6yMGxqKj0218mFR5KqsMRq,0.19,0.323,7,-12.405,1,0.0303,2.17e-06,0.176,0.281,94.34,219560,4,60.0,My Father's Playlist
7,The Impressions,People Get Ready,People Get Ready,6AeG6jSoAVbmUFO6LyYmBf,0.414,0.249,1,-12.674,1,0.0369,8.37e-06,0.188,0.341,142.442,163360,3,59.0,My Father's Playlist
8,Aretha Franklin,Respect - The Very Best of,I Say a Little Prayer,0FD8KMG4pHp0O9clTpChjp,0.59,0.355,9,-14.051,1,0.0352,0.0,0.0585,0.499,133.03,216773,4,59.0,My Father's Playlist
9,Leonard Cohen,Songs From A Room,Bird on the Wire,3M0QK0bYdiGMu6JNoPk8YG,0.402,0.114,9,-15.691,1,0.0321,0.0024,0.318,0.191,128.332,206373,3,51.0,My Father's Playlist
0,Louis Armstrong,What A Wonderful World,What A Wonderful World,29U7stRjqHU6rMiS8BfaI9,0.271,0.165,5,-20.652,1,0.0351,1.6e-06,0.118,0.203,77.082,139227,4,69.0,Whimsical Rover Playlist
1,Sam Cooke,Ain't That Good News,A Change Is Gonna Come,0KOE1hat4SIer491XKk4Pa,0.212,0.383,10,-10.071,1,0.0347,0.0,0.299,0.452,173.79,191160,3,67.0,Whimsical Rover Playlist
2,Marion Williams,The Gospel Soul of Marion Williams,I'll Fly Away,4iReG4ZYXQWFdzL87cuFWE,0.489,0.0444,8,-12.397,1,0.0424,0.0,0.281,0.367,108.011,169013,5,22.0,Whimsical Rover Playlist
3,Bob Dylan,Highway 61 Revisited,Like a Rolling Stone,3AhXZa8sUQht0UEdBJgpGc,0.482,0.721,0,-6.839,1,0.0321,0.0,0.189,0.557,95.263,369600,4,71.0,Whimsical Rover Playlist
4,Led Zeppelin,Led Zeppelin II (1994 Remaster),Ramble On - 1990 Remaster,3MODES4TNtygekLl146Dxd,0.468,0.607,9,-11.367,1,0.0336,0.000852,0.225,0.886,98.429,263333,4,71.0,Whimsical Rover Playlist
5,Jimi Hendrix,Axis: Bold As Love,Little Wing,1Eolhana7nKHYpcYpdVcT5,0.515,0.534,6,-8.045,1,0.0768,0.00278,0.0547,0.426,70.776,145747,4,72.0,Whimsical Rover Playlist
6,The Rolling Stones,Let It Bleed,You Can't Always Get What You Want,6lFZbCc7pn6Lme1NP7qQqQ,0.32,0.62,0,-9.686,1,0.0594,6.36e-05,0.253,0.472,86.327,448720,4,69.0,Whimsical Rover Playlist
7,Johnny Cash,At Folsom Prison,"Folsom Prison Blues - Live at Folsom State Prison, Folsom, CA - January 1968",2fDHuS1PTkHBbCWWZF1ph9,0.621,0.524,0,-15.269,1,0.0803,0.00199,0.893,0.889,110.586,162653,4,69.0,Whimsical Rover Playlist
8,Simon & Garfunkel,Bookends,America,6dfhF1BDGmhM69fnCb6wSC,0.259,0.241,2,-15.955,1,0.042,6.62e-06,0.0849,0.275,178.453,215293,3,65.0,Whimsical Rover Playlist
9,"Peter, Paul and Mary",Album 1700,Leaving on a Jet Plane,6ZSTinOwx5dKFYc6iYyGDn,0.414,0.167,9,-16.519,1,0.0484,0.0,0.117,0.384,133.45,207240,4,64.0,Whimsical Rover Playlist
0,Led Zeppelin,Led Zeppelin II (1994 Remaster),Ramble On - 1990 Remaster,3MODES4TNtygekLl146Dxd,0.468,0.607,9,-11.367,1,0.0336,0.000852,0.225,0.886,98.429,263333,4,71.0,list of 40 subset
1,"Peter, Paul and Mary",Album 1700,Leaving on a Jet Plane,6ZSTinOwx5dKFYc6iYyGDn,0.414,0.167,9,-16.519,1,0.0484,0.0,0.117,0.384,133.45,207240,4,64.0,list of 40 subset
2,The Who,Who's Next (Deluxe Edition),Behind Blue Eyes,0cKk8BKEi7zXbdrYdyqBP5,0.394,0.622,4,-8.258,0,0.0336,4.45e-05,0.0892,0.342,126.844,221427,4,72.0,list of 40 subset
3,Joe Cocker,With A Little Help From My Friends,With A Little Help From My Friends,0YZ3J8xzGwLOg4yEgST1YK,0.307,0.43,2,-11.333,1,0.0629,0.000994,0.0988,0.305,145.224,312173,3,67.0,list of 40 subset
4,The Rolling Stones,Let It Bleed,You Can't Always Get What You Want,6lFZbCc7pn6Lme1NP7qQqQ,0.32,0.62,0,-9.686,1,0.0594,6.36e-05,0.253,0.472,86.327,448720,4,69.0,list of 40 subset
5,Jimi Hendrix,Axis: Bold As Love,Little Wing,1Eolhana7nKHYpcYpdVcT5,0.515,0.534,6,-8.045,1,0.0768,0.00278,0.0547,0.426,70.776,145747,4,72.0,list of 40 subset
6,Simon & Garfunkel,Bookends,America,6dfhF1BDGmhM69fnCb6wSC,0.259,0.241,2,-15.955,1,0.042,6.62e-06,0.0849,0.275,178.453,215293,3,65.0,list of 40 subset
7,Yusuf / Cat Stevens,Tea For The Tillerman (Remastered 2020),Wild World,7mjSHL2Eb0kAwiKbvNNyD9,0.48,0.542,0,-8.51,1,0.0348,0.000609,0.113,0.567,152.853,200560,4,77.0,list of 40 subset
8,B.B. King,Completely Well,The Thrill Is Gone,4NQfrmGs9iQXVQI9IpRhjM,0.547,0.46,11,-8.759,0,0.0256,0.442,0.0983,0.543,90.768,324733,4,63.0,list of 40 subset
9,Jimmy Cliff,"Wonderful World, Beautiful People",Many Rivers To Cross,1dZxI6OuzwJ283y3gOU1Kq,0.399,0.212,5,-16.03,1,0.0747,0.000434,0.116,0.149,137.76,164067,4,51.0,list of 40 subset
0,Santana,Abraxas,Oye Como Va,5u6y4u5EgDv0peILf60H5t,0.736,0.379,7,-13.208,1,0.0539,0.345,0.104,0.948,128.399,256933,4,67.0,List of 40 Selection
1,Led Zeppelin,Led Zeppelin II (1994 Remaster),Ramble On - 1990 Remaster,3MODES4TNtygekLl146Dxd,0.468,0.607,9,-11.367,1,0.0336,0.000852,0.225,0.886,98.429,263333,4,71.0,List of 40 Selection
2,Louis Armstrong,What A Wonderful World,What A Wonderful World,29U7stRjqHU6rMiS8BfaI9,0.271,0.165,5,-20.652,1,0.0351,1.6e-06,0.118,0.203,77.082,139227,4,69.0,List of 40 Selection
3,The Rolling Stones,Let It Bleed,You Can't Always Get What You Want,6lFZbCc7pn6Lme1NP7qQqQ,0.32,0.62,0,-9.686,1,0.0594,6.36e-05,0.253,0.472,86.327,448720,4,69.0,List of 40 Selection
4,Howlin' Wolf,Howlin' Wolf,Spoonful,7j02rdE5RVtNcNMuLGY5SS,0.821,0.376,0,-13.622,1,0.0487,1.39e-05,0.106,0.824,119.039,170000,4,58.0,List of 40 Selection
5,Jimi Hendrix,Axis: Bold As Love,Little Wing,1Eolhana7nKHYpcYpdVcT5,0.515,0.534,6,-8.045,1,0.0768,0.00278,0.0547,0.426,70.776,145747,4,72.0,List of 40 Selection
6,Ben E. King,Stand By Me,Stand By Me,2KQM3kDM0zMBC9iynePBbS,0.653,0.334,9,-6.955,1,0.0313,3.47e-05,0.123,0.665,119.46,174253,4,59.0,List of 40 Selection
7,Donovan,The Hurdy Gurdy Man,Hurdy Gurdy Man,7AL6qzIDHIX7pEUWrzNiIs,0.405,0.463,0,-16.167,1,0.0542,0.0442,0.392,0.542,79.451,193467,4,59.0,List of 40 Selection
8,The Byrds,Turn! Turn! Turn!,Turn! Turn! Turn! (To Everything There Is a Season),5qBqBdfTEIWJwAS0Jm2F5R,0.451,0.818,2,-8.124,1,0.0439,2.92e-05,0.052,0.755,124.532,229360,4,65.0,List of 40 Selection
9,Patsy Cline,Sentimentally Yours,She's Got You - Single Version,4H1POasJbrLNaQirsIH29e,0.388,0.143,5,-17.545,1,0.0416,0.000865,0.1,0.578,182.665,181800,3,57.0,List of 40 Selection
0,Sam Cooke,Ain't That Good News,A Change Is Gonna Come,0KOE1hat4SIer491XKk4Pa,0.212,0.383,10,-10.071,1,0.0347,0,0.299,0.452,173.79,191160,3,67.0,EM - Subset of 40 List
1,"Crosby, Stills & Nash","Crosby, Stills & Nash",Helplessly Hoping - 2005 Remaster,1UKobFsdqNXQb8OthimCKe,0.483,0.159,7,-13.648,1,0.0353,0,0.111,0.423,146.721,157893,4,68.0,EM - Subset of 40 List
2,"Peter, Paul and Mary",Album 1700,Leaving on a Jet Plane,6ZSTinOwx5dKFYc6iYyGDn,0.414,0.167,9,-16.519,1,0.0484,0,0.117,0.384,133.45,207240,4,64.0,EM - Subset of 40 List
3,Bill Withers,Just As I Am,Ain't No Sunshine,1k1Bqnv2R0uJXQN4u6LKYt,0.527,0.415,4,-11.451,0,0.122,1.72e-05,0.117,0.515,78.169,125093,4,79.0,EM - Subset of 40 List
4,Ray Charles,True Genius,Georgia on My Mind,6yMGxqKj0218mFR5KqsMRq,0.19,0.323,7,-12.405,1,0.0303,2.17e-06,0.176,0.281,94.34,219560,4,60.0,EM - Subset of 40 List
5,The Temptations,The Temptations Sing Smokey,My Girl,745H5CctFr12Mo7cqa1BMH,0.572,0.418,0,-10.738,1,0.0349,0,0.0961,0.694,104.566,165000,4,80.0,EM - Subset of 40 List
6,Aretha Franklin,Respect - The Very Best of,I Say a Little Prayer,0FD8KMG4pHp0O9clTpChjp,0.59,0.355,9,-14.051,1,0.0352,0,0.0585,0.499,133.03,216773,4,59.0,EM - Subset of 40 List
7,Simon & Garfunkel,Bookends,America,6dfhF1BDGmhM69fnCb6wSC,0.259,0.241,2,-15.955,1,0.042,6.62e-06,0.0849,0.275,178.453,215293,3,65.0,EM - Subset of 40 List
8,Otis Redding,Complete & Unbelievable: The Otis Redding Dictionary of Soul,Try a Little Tenderness,36AlMHDBFwSsD3FQOy1R81,0.587,0.133,9,-15.151,0,0.0565,2.26e-05,0.258,0.068,102.938,201733,4,63.0,EM - Subset of 40 List
9,Nina Simone,Pastel Blues,Sinnerman,5xRP5iyVdGglqlY4Vcjhkx,0.436,0.543,11,-13.351,0,0.0962,9.35e-06,0.0937,0.663,148.282,622000,4,63.0,EM - Subset of 40 List
0,Patsy Cline,Sentimentally Yours,She's Got You - Single Version,4H1POasJbrLNaQirsIH29e,0.388,0.143,5,-17.545,1,0.0416,0.000865,0.1,0.578,182.665,181800,3,57.0,M255 Subset of List 40
1,Ben E. King,Stand By Me,Stand By Me,2KQM3kDM0zMBC9iynePBbS,0.653,0.334,9,-6.955,1,0.0313,3.47e-05,0.123,0.665,119.46,174253,4,59.0,M255 Subset of List 40
2,Aretha Franklin,Respect - The Very Best of,I Say a Little Prayer,0FD8KMG4pHp0O9clTpChjp,0.59,0.355,9,-14.051,1,0.0352,0.0,0.0585,0.499,133.03,216773,4,59.0,M255 Subset of List 40
3,Frank Sinatra,Strangers In The Night (Expanded Edition),Strangers In The Night,74VR3AkGPhbYXnxcOYa16x,0.259,0.473,5,-8.275,1,0.0295,0.0,0.201,0.539,90.348,157867,4,71.0,M255 Subset of List 40
4,Ella Fitzgerald,Ella And Basie,Dream A Little Dream Of Me,7sO8fLoq7H3er7C24UtLiF,0.283,0.0738,7,-23.595,1,0.0763,0.0,0.105,0.223,72.034,246160,4,48.0,M255 Subset of List 40
5,The Byrds,Turn! Turn! Turn!,Turn! Turn! Turn! (To Everything There Is a Season),5qBqBdfTEIWJwAS0Jm2F5R,0.451,0.818,2,-8.124,1,0.0439,2.92e-05,0.052,0.755,124.532,229360,4,65.0,M255 Subset of List 40
6,"Peter, Paul and Mary",Album 1700,Leaving on a Jet Plane,6ZSTinOwx5dKFYc6iYyGDn,0.414,0.167,9,-16.519,1,0.0484,0.0,0.117,0.384,133.45,207240,4,64.0,M255 Subset of List 40
7,Janis Joplin,I Got Dem Ol' Kozmic Blues Again Mama!,Maybe,0xGSeBsG4V8Scc5YqpZQ66,0.4,0.35,8,-11.401,1,0.0345,0.0397,0.103,0.328,83.389,219133,4,59.0,M255 Subset of List 40
8,Jimmy Cliff,"Wonderful World, Beautiful People",Many Rivers To Cross,1dZxI6OuzwJ283y3gOU1Kq,0.399,0.212,5,-16.03,1,0.0747,0.000434,0.116,0.149,137.76,164067,4,51.0,M255 Subset of List 40
9,Yusuf / Cat Stevens,Tea For The Tillerman (Remastered 2020),Wild World,7mjSHL2Eb0kAwiKbvNNyD9,0.48,0.542,0,-8.51,1,0.0348,0.000609,0.113,0.567,152.853,200560,4,77.0,M255 Subset of List 40
0,Aretha Franklin,Respect - The Very Best of,I Say a Little Prayer,0FD8KMG4pHp0O9clTpChjp,0.59,0.355,9,-14.051,1,0.0352,0,0.0585,0.499,133.03,216773,4,59.0,Top_40_Playlist
1,Yusuf / Cat Stevens,Tea For The Tillerman (Remastered 2020),Wild World,7mjSHL2Eb0kAwiKbvNNyD9,0.48,0.542,0,-8.51,1,0.0348,0.000609,0.113,0.567,152.853,200560,4,77.0,Top_40_Playlist
2,The Temptations,The Temptations Sing Smokey,My Girl,745H5CctFr12Mo7cqa1BMH,0.572,0.418,0,-10.738,1,0.0349,0,0.0961,0.694,104.566,165000,4,80.0,Top_40_Playlist
3,Ella Fitzgerald,Ella And Basie,Dream A Little Dream Of Me,7sO8fLoq7H3er7C24UtLiF,0.283,0.0738,7,-23.595,1,0.0763,0,0.105,0.223,72.034,246160,4,48.0,Top_40_Playlist
4,Janis Joplin,I Got Dem Ol' Kozmic Blues Again Mama!,Maybe,0xGSeBsG4V8Scc5YqpZQ66,0.4,0.35,8,-11.401,1,0.0345,0.0397,0.103,0.328,83.389,219133,4,59.0,Top_40_Playlist
5,"Crosby, Stills & Nash","Crosby, Stills & Nash",Helplessly Hoping - 2005 Remaster,1UKobFsdqNXQb8OthimCKe,0.483,0.159,7,-13.648,1,0.0353,0,0.111,0.423,146.721,157893,4,68.0,Top_40_Playlist
6,"Peter, Paul and Mary",Album 1700,Leaving on a Jet Plane,6ZSTinOwx5dKFYc6iYyGDn,0.414,0.167,9,-16.519,1,0.0484,0,0.117,0.384,133.45,207240,4,64.0,Top_40_Playlist
7,Bill Withers,Just As I Am,Ain't No Sunshine,1k1Bqnv2R0uJXQN4u6LKYt,0.527,0.415,4,-11.451,0,0.122,1.72e-05,0.117,0.515,78.169,125093,4,79.0,Top_40_Playlist
8,Joe Cocker,With A Little Help From My Friends,With A Little Help From My Friends,0YZ3J8xzGwLOg4yEgST1YK,0.307,0.43,2,-11.333,1,0.0629,0.000994,0.0988,0.305,145.224,312173,3,67.0,Top_40_Playlist
9,Ray Charles,True Genius,Georgia on My Mind,6yMGxqKj0218mFR5KqsMRq,0.19,0.323,7,-12.405,1,0.0303,2.17e-06,0.176,0.281,94.34,219560,4,60.0,Top_40_Playlist
0,The Temptations,The Temptations Sing Smokey,My Girl,745H5CctFr12Mo7cqa1BMH,0.572,0.418,0,-10.738,1,0.0349,0,0.0961,0.694,104.566,165000,4,80.0,Nostalgia
1,Aretha Franklin,Respect - The Very Best of,I Say a Little Prayer,0FD8KMG4pHp0O9clTpChjp,0.59,0.355,9,-14.051,1,0.0352,0,0.0585,0.499,133.03,216773,4,59.0,Nostalgia
2,Sam Cooke,Ain't That Good News,A Change Is Gonna Come,0KOE1hat4SIer491XKk4Pa,0.212,0.383,10,-10.071,1,0.0347,0,0.299,0.452,173.79,191160,3,67.0,Nostalgia
3,Louis Armstrong,What A Wonderful World,What A Wonderful World,29U7stRjqHU6rMiS8BfaI9,0.271,0.165,5,-20.652,1,0.0351,1.6e-06,0.118,0.203,77.082,139227,4,69.0,Nostalgia
4,Frank Sinatra,Strangers In The Night (Expanded Edition),Strangers In The Night,74VR3AkGPhbYXnxcOYa16x,0.259,0.473,5,-8.275,1,0.0295,0,0.201,0.539,90.348,157867,4,71.0,Nostalgia
5,Ella Fitzgerald,Ella And Basie,Dream A Little Dream Of Me,7sO8fLoq7H3er7C24UtLiF,0.283,0.0738,7,-23.595,1,0.0763,0,0.105,0.223,72.034,246160,4,48.0,Nostalgia
6,Ray Charles,True Genius,Georgia on My Mind,6yMGxqKj0218mFR5KqsMRq,0.19,0.323,7,-12.405,1,0.0303,2.17e-06,0.176,0.281,94.34,219560,4,60.0,Nostalgia
7,Bill Withers,Just As I Am,Ain't No Sunshine,1k1Bqnv2R0uJXQN4u6LKYt,0.527,0.415,4,-11.451,0,0.122,1.72e-05,0.117,0.515,78.169,125093,4,79.0,Nostalgia
8,Santana,Abraxas,Oye Como Va,5u6y4u5EgDv0peILf60H5t,0.736,0.379,7,-13.208,1,0.0539,0.345,0.104,0.948,128.399,256933,4,67.0,Nostalgia
9,Wilson Pickett,In the Midnight Hour,In the Midnight Hour,4NRQwaks9r58tTDvr4iEyv,0.75,0.444,4,-8.63,1,0.0403,3.69e-06,0.118,0.849,111.919,157160,4,65.0,Nostalgia
0,Louis Armstrong,What A Wonderful World,What A Wonderful World,29U7stRjqHU6rMiS8BfaI9,0.271,0.165,5,-20.652,1,0.0351,1.6e-06,0.118,0.203,77.082,139227,4,69.0,Excerpted Playlist
1,Ella Fitzgerald,Ella And Basie,Dream A Little Dream Of Me,7sO8fLoq7H3er7C24UtLiF,0.283,0.0738,7,-23.595,1,0.0763,0.0,0.105,0.223,72.034,246160,4,48.0,Excerpted Playlist
2,Bill Withers,Just As I Am,Ain't No Sunshine,1k1Bqnv2R0uJXQN4u6LKYt,0.527,0.415,4,-11.451,0,0.122,1.72e-05,0.117,0.515,78.169,125093,4,79.0,Excerpted Playlist
3,The Rolling Stones,Let It Bleed,You Can't Always Get What You Want,6lFZbCc7pn6Lme1NP7qQqQ,0.32,0.62,0,-9.686,1,0.0594,6.36e-05,0.253,0.472,86.327,448720,4,69.0,Excerpted Playlist
4,Ben E. King,Stand By Me,Stand By Me,2KQM3kDM0zMBC9iynePBbS,0.653,0.334,9,-6.955,1,0.0313,3.47e-05,0.123,0.665,119.46,174253,4,59.0,Excerpted Playlist
5,The Temptations,The Temptations Sing Smokey,My Girl,745H5CctFr12Mo7cqa1BMH,0.572,0.418,0,-10.738,1,0.0349,0.0,0.0961,0.694,104.566,165000,4,80.0,Excerpted Playlist
6,Frank Sinatra,Strangers In The Night (Expanded Edition),Strangers In The Night,74VR3AkGPhbYXnxcOYa16x,0.259,0.473,5,-8.275,1,0.0295,0.0,0.201,0.539,90.348,157867,4,71.0,Excerpted Playlist
7,Bob Dylan,Highway 61 Revisited,Like a Rolling Stone,3AhXZa8sUQht0UEdBJgpGc,0.482,0.721,0,-6.839,1,0.0321,0.0,0.189,0.557,95.263,369600,4,71.0,Excerpted Playlist
8,The Impressions,People Get Ready,People Get Ready,6AeG6jSoAVbmUFO6LyYmBf,0.414,0.249,1,-12.674,1,0.0369,8.37e-06,0.188,0.341,142.442,163360,3,59.0,Excerpted Playlist
9,Johnny Cash,At Folsom Prison,"Folsom Prison Blues - Live at Folsom State Prison, Folsom, CA - January 1968",2fDHuS1PTkHBbCWWZF1ph9,0.621,0.524,0,-15.269,1,0.0803,0.00199,0.893,0.889,110.586,162653,4,69.0,Excerpted Playlist
0,Aretha Franklin,Respect - The Very Best of,I Say a Little Prayer,0FD8KMG4pHp0O9clTpChjp,0.59,0.355,9,-14.051,1,0.0352,0,0.0585,0.499,133.03,216773,4,59.0,MUSC255: Subset_of_40
1,Ben E. King,Stand By Me,Stand By Me,2KQM3kDM0zMBC9iynePBbS,0.653,0.334,9,-6.955,1,0.0313,3.47e-05,0.123,0.665,119.46,174253,4,59.0,MUSC255: Subset_of_40
2,Jimi Hendrix,Axis: Bold As Love,Little Wing,1Eolhana7nKHYpcYpdVcT5,0.515,0.534,6,-8.045,1,0.0768,0.00278,0.0547,0.426,70.776,145747,4,72.0,MUSC255: Subset_of_40
3,Simon & Garfunkel,Bookends,America,6dfhF1BDGmhM69fnCb6wSC,0.259,0.241,2,-15.955,1,0.042,6.62e-06,0.0849,0.275,178.453,215293,3,65.0,MUSC255: Subset_of_40
4,Leonard Cohen,Songs From A Room,Bird on the Wire,3M0QK0bYdiGMu6JNoPk8YG,0.402,0.114,9,-15.691,1,0.0321,0.0024,0.318,0.191,128.332,206373,3,51.0,MUSC255: Subset_of_40
5,Jefferson Airplane,Surrealistic Pillow,White Rabbit,4vpeKl0vMGdAXpZiQB2Dtd,0.551,0.293,2,-12.503,1,0.0272,0.000273,0.0864,0.322,106.798,150640,4,72.0,MUSC255: Subset_of_40
6,Otis Redding,Complete & Unbelievable: The Otis Redding Dictionary of Soul,Try a Little Tenderness,36AlMHDBFwSsD3FQOy1R81,0.587,0.133,9,-15.151,0,0.0565,2.26e-05,0.258,0.068,102.938,201733,4,63.0,MUSC255: Subset_of_40
7,Nina Simone,Pastel Blues,Sinnerman,5xRP5iyVdGglqlY4Vcjhkx,0.436,0.543,11,-13.351,0,0.0962,9.35e-06,0.0937,0.663,148.282,622000,4,63.0,MUSC255: Subset_of_40
8,Louis Armstrong,What A Wonderful World,What A Wonderful World,29U7stRjqHU6rMiS8BfaI9,0.271,0.165,5,-20.652,1,0.0351,1.6e-06,0.118,0.203,77.082,139227,4,69.0,MUSC255: Subset_of_40
9,Ella Fitzgerald,Ella And Basie,Dream A Little Dream Of Me,7sO8fLoq7H3er7C24UtLiF,0.283,0.0738,7,-23.595,1,0.0763,0,0.105,0.223,72.034,246160,4,48.0,MUSC255: Subset_of_40
